model,ablation,modality,feature,baseline_auprc,importance_mean,importance_std
gru_intermediate_fusion,static_plus_vitals_plus_labs_plus_treatments,static,diagnosis_count,0.6829562496651975,0.05926629130592838,0.006886489850367524
gru_intermediate_fusion,static_plus_vitals_plus_labs_plus_treatments,vitals,oxygen_flow_device__seq,0.6829562496651975,0.012573006442905599,0.004626299131514989
gru_intermediate_fusion,static_plus_vitals_plus_labs_plus_treatments,treatments,urine_output__seq,0.6829562496651975,0.009906517992526526,0.002831773683221929
gru_intermediate_fusion,static_plus_vitals_plus_labs_plus_treatments,vitals,mechvent__seq,0.6829562496651975,0.009007990180207991,0.004537126483381441
gru_intermediate_fusion,static_plus_vitals_plus_labs_plus_treatments,static,hours_from_admission_to_prediction,0.6829562496651975,0.008936625930816261,0.0029669947339407464
gru_intermediate_fusion,static_plus_vitals_plus_labs_plus_treatments,vitals,temp_F__seq,0.6829562496651975,0.008750005052910681,0.0037263036340749126
gru_intermediate_fusion,static_plus_vitals_plus_labs_plus_treatments,labs,hemoglobin__seq,0.6829562496651975,0.00833605306382909,0.0038858846304252455
gru_intermediate_fusion,static_plus_vitals_plus_labs_plus_treatments,vitals,heart_rate__seq,0.6829562496651975,0.00733867599771385,0.003407499691178556
gru_intermediate_fusion,static_plus_vitals_plus_labs_plus_treatments,vitals,dbp_arterial__seq,0.6829562496651975,0.0072636354949891565,0.0025533813926324374
gru_intermediate_fusion,static_plus_vitals_plus_labs_plus_treatments,vitals,richmond_ras__seq,0.6829562496651975,0.005811791570214853,0.002750197168269947
gru_intermediate_fusion,static_plus_vitals_plus_labs_plus_treatments,treatments,vasopressor_rate__seq,0.6829562496651975,0.005611017690516529,0.003297724100862142
gru_intermediate_fusion,static_plus_vitals_plus_labs_plus_treatments,labs,arterial_o2_pressure__seq,0.6829562496651975,0.005335434121163202,0.0021863542868979
gru_intermediate_fusion,static_plus_vitals_plus_labs_plus_treatments,treatments,iv_fluid__seq,0.6829562496651975,0.005193246656151123,0.0046278795809603845
gru_intermediate_fusion,static_plus_vitals_plus_labs_plus_treatments,static,chronic_pulmonary_disease,0.6829562496651975,0.0043033338271792785,0.0020490289348949996
gru_intermediate_fusion,static_plus_vitals_plus_labs_plus_treatments,labs,urea_nitrogen__seq,0.6829562496651975,0.003881588815671111,0.0016955147079556747
gru_intermediate_fusion,static_plus_vitals_plus_labs_plus_treatments,labs,glucose__seq,0.6829562496651975,0.0038705539483551597,0.0015114523406667018
gru_intermediate_fusion,static_plus_vitals_plus_labs_plus_treatments,vitals,spo2__seq,0.6829562496651975,0.0038270940637558258,0.002106284245278684
gru_intermediate_fusion,static_plus_vitals_plus_labs_plus_treatments,labs,hematocrit__seq,0.6829562496651975,0.003693106421219933,0.0023642851970445762
gru_intermediate_fusion,static_plus_vitals_plus_labs_plus_treatments,static,unit_4,0.6829562496651975,0.0035276945099760814,0.0015026154143034562
gru_intermediate_fusion,static_plus_vitals_plus_labs_plus_treatments,labs,platelets__seq,0.6829562496651975,0.003353257211992311,0.002501055014364907
gru_intermediate_fusion,static_plus_vitals_plus_labs_plus_treatments,static,diabetes_with_cc,0.6829562496651975,0.0029938456434426496,0.001603360062508361
gru_intermediate_fusion,static_plus_vitals_plus_labs_plus_treatments,labs,wbc__seq,0.6829562496651975,0.0029906631899134506,0.0025558563737838433
gru_intermediate_fusion,static_plus_vitals_plus_labs_plus_treatments,vitals,temp_C__seq,0.6829562496651975,0.002822948982666368,0.0009855520189845702
gru_intermediate_fusion,static_plus_vitals_plus_labs_plus_treatments,static,unit_5,0.6829562496651975,0.0025539772324003505,0.0012372868046761668
gru_intermediate_fusion,static_plus_vitals_plus_labs_plus_treatments,static,malignant_cancer,0.6829562496651975,0.002517726469631837,0.000956911031541756
gru_intermediate_fusion,static_plus_vitals_plus_labs_plus_treatments,static,cerebrovascular_disease,0.6829562496651975,0.0021407124449639714,0.001085241698009745
gru_intermediate_fusion,static_plus_vitals_plus_labs_plus_treatments,static,rheumatic_disease,0.6829562496651975,0.0019420967455517414,0.0016525475837659044
gru_intermediate_fusion,static_plus_vitals_plus_labs_plus_treatments,labs,bilirubin_total__seq,0.6829562496651975,0.0016369062660523902,0.0012405348793448046
gru_intermediate_fusion,static_plus_vitals_plus_labs_plus_treatments,labs,creatinine__seq,0.6829562496651975,0.0016000418782925296,0.0008942183063992404
gru_intermediate_fusion,static_plus_vitals_plus_labs_plus_treatments,vitals,respiratory_rate__seq,0.6829562496651975,0.0015666912856658667,0.00482424160751435
gru_intermediate_fusion,static_plus_vitals_plus_labs_plus_treatments,vitals,minute_volume__seq,0.6829562496651975,0.0014459288763917998,0.0016578977094669485
gru_intermediate_fusion,static_plus_vitals_plus_labs_plus_treatments,vitals,oxygen_flow__seq,0.6829562496651975,0.0014314008924340982,0.0014918968667909946
gru_intermediate_fusion,static_plus_vitals_plus_labs_plus_treatments,vitals,tidal_volume__seq,0.6829562496651975,0.0013946146165710605,0.0015503431734297803
gru_intermediate_fusion,static_plus_vitals_plus_labs_plus_treatments,labs,inr__seq,0.6829562496651975,0.0012177492279450807,0.0012871051348402238
gru_intermediate_fusion,static_plus_vitals_plus_labs_plus_treatments,static,age,0.6829562496651975,0.0011087964693429543,0.0012672666279194339
gru_intermediate_fusion,static_plus_vitals_plus_labs_plus_treatments,static,metastatic_solid_tumor,0.6829562496651975,0.0010424691623756531,0.0014589223204961685
gru_intermediate_fusion,static_plus_vitals_plus_labs_plus_treatments,vitals,sbp_arterial__seq,0.6829562496651975,0.001004400371467451,0.0029918310968028387
gru_intermediate_fusion,static_plus_vitals_plus_labs_plus_treatments,labs,pt__seq,0.6829562496651975,0.000969731632451415,0.0008009868098797692
gru_intermediate_fusion,static_plus_vitals_plus_labs_plus_treatments,labs,arterial_base_excess__seq,0.6829562496651975,0.0008993811201102153,0.0013738537077165834
gru_intermediate_fusion,static_plus_vitals_plus_labs_plus_treatments,labs,sodium__seq,0.6829562496651975,0.0008569812940647514,0.0015746237603217889
gru_intermediate_fusion,static_plus_vitals_plus_labs_plus_treatments,static,paraplegia,0.6829562496651975,0.0008555182687031704,0.001440659773277803
gru_intermediate_fusion,static_plus_vitals_plus_labs_plus_treatments,static,gender_2,0.6829562496651975,0.000797704558163842,0.0006030125158243393
gru_intermediate_fusion,static_plus_vitals_plus_labs_plus_treatments,static,renal_disease,0.6829562496651975,0.000751874022469462,0.0009345648317826428
gru_intermediate_fusion,static_plus_vitals_plus_labs_plus_treatments,static,unit_0,0.6829562496651975,0.0005156698217927025,0.0006259495959300709
gru_intermediate_fusion,static_plus_vitals_plus_labs_plus_treatments,static,charlson_comorbidity_index,0.6829562496651975,0.0004671530622982423,0.0008143473779312763
gru_intermediate_fusion,static_plus_vitals_plus_labs_plus_treatments,static,unit_6,0.6829562496651975,0.00043958177149303057,0.0007699072485828843
gru_intermediate_fusion,static_plus_vitals_plus_labs_plus_treatments,labs,ph_arterial__seq,0.6829562496651975,0.00040464942535947126,0.0014345328668709044
gru_intermediate_fusion,static_plus_vitals_plus_labs_plus_treatments,static,peripheral_vascular_disease,0.6829562496651975,0.00034473382915044536,0.00147437984263846
gru_intermediate_fusion,static_plus_vitals_plus_labs_plus_treatments,vitals,fio2__seq,0.6829562496651975,0.0003072052881624987,0.0021882535542886166
gru_intermediate_fusion,static_plus_vitals_plus_labs_plus_treatments,labs,hco3__seq,0.6829562496651975,0.00029755611488394007,0.000520965280426274
gru_intermediate_fusion,static_plus_vitals_plus_labs_plus_treatments,static,aids,0.6829562496651975,0.000296141609470435,0.0006854440809871548
gru_intermediate_fusion,static_plus_vitals_plus_labs_plus_treatments,labs,lactic_acid__seq,0.6829562496651975,0.0002693906694328452,0.0008759603710054669
gru_intermediate_fusion,static_plus_vitals_plus_labs_plus_treatments,static,mild_liver_disease,0.6829562496651975,0.0002678733653442733,0.00080617562678756
gru_intermediate_fusion,static_plus_vitals_plus_labs_plus_treatments,labs,ptt__seq,0.6829562496651975,0.0002637845149016549,0.0009975702030720474
gru_intermediate_fusion,static_plus_vitals_plus_labs_plus_treatments,vitals,map__seq,0.6829562496651975,0.0001274828474304379,0.001581072200761259
gru_intermediate_fusion,static_plus_vitals_plus_labs_plus_treatments,labs,arterial_co2_pressure__seq,0.6829562496651975,9.180759352180324e-05,0.0008545064081889119
gru_intermediate_fusion,static_plus_vitals_plus_labs_plus_treatments,static,myocardial_infarct,0.6829562496651975,-1.6702024596471076e-06,0.0007078913008811753
gru_intermediate_fusion,static_plus_vitals_plus_labs_plus_treatments,static,congestive_heart_failure,0.6829562496651975,-3.4806259621911194e-05,0.0004612078831923144
gru_intermediate_fusion,static_plus_vitals_plus_labs_plus_treatments,static,severe_liver_disease,0.6829562496651975,-0.00021321346736868918,0.0007340013978805966
gru_intermediate_fusion,static_plus_vitals_plus_labs_plus_treatments,static,diabetes_without_cc,0.6829562496651975,-0.00039575988460353596,0.0007158950740023951
gru_intermediate_fusion,static_plus_vitals_plus_labs_plus_treatments,static,gender_1,0.6829562496651975,-0.0005353854104611311,0.0008538219237222184
gru_intermediate_fusion,static_plus_vitals_plus_labs_plus_treatments,labs,potassium__seq,0.6829562496651975,-0.000636565229194358,0.0020732740184451898
gru_intermediate_fusion,static_plus_vitals_plus_labs_plus_treatments,static,peptic_ulcer_disease,0.6829562496651975,-0.0007302142402129175,0.0004996112654654595
gru_intermediate_fusion,static_plus_vitals_plus_labs_plus_treatments,labs,chloride__seq,0.6829562496651975,-0.0008799605666747589,0.001395484065250323
gru_intermediate_fusion,static_plus_vitals_plus_labs_plus_treatments,static,dementia,0.6829562496651975,-0.0008991028062159178,0.0005073535094024445
gru_intermediate_fusion,static_plus_vitals_plus_labs_plus_treatments,labs,lactate__seq,0.6829562496651975,-0.0011007062461216798,0.0008403027161035109
gru_intermediate_fusion,static_plus_vitals_plus_labs_plus_treatments,vitals,peep__seq,0.6829562496651975,-0.00130034063129037,0.00191251261651152
gru_intermediate_fusion,static_plus_vitals_plus_labs_plus_treatments,static,unit_1,0.6829562496651975,-0.0020028470514241114,0.0032413500453409663
gru_intermediate_fusion,static_plus_vitals_plus_labs_plus_treatments,static,hours_from_icu_intime_to_prediction,0.6829562496651975,-0.002766477682932278,0.001304965572499139
gru_intermediate_fusion,static_plus_vitals_plus_labs_plus_treatments,static,unit_2,0.6829562496651975,-0.0030278334195577962,0.00159770158213223
