stratum_kind,stratum,n,n_positive,pct_positive,auroc_sofa_total,auroc_qsofa
cohorte_completa,todas,9278,4639,50,0.47571641705530326,0.49942691375281995
cuartil_los_uci,Q1 (24-55 h),2320,921,39.700000000000003,0.34077194894134866,0.41041181113545511
cuartil_los_uci,Q2 (55-114 h),2319,949,40.920000000000002,0.42133978909801328,0.4527285732965165
cuartil_los_uci,Q3 (114-239 h),2319,1199,51.700000000000003,0.48158845168592873,0.48889364649112355
cuartil_los_uci,Q4 (239-3832 h),2320,1570,67.670000000000002,0.44876518046709135,0.47137919320594479
unidad_uci,otra,270,149,55.189999999999998,0.58941150368850193,0.6271007820733262
unidad_uci,medica_MICU,1676,755,45.049999999999997,0.40540515276369626,0.43491885439811317
unidad_uci,quirurgica_SICU,4065,2177,53.549999999999997,0.50253882072203238,0.518408335798759
unidad_uci,cardiaca_CSRU,1642,790,48.109999999999999,0.40732305223747545,0.42975723539549532
unidad_uci,neuro_intermedia,713,340,47.689999999999998,0.68445040214477215,0.6585081217473584
unidad_uci,coronaria_CCU,911,427,46.869999999999997,0.51079025296610991,0.51229266262798301
ventana_integra_en_uci,lower_bound >= intime,4838,2419,50,0.53142682781568884,0.52444766447790603
