score,cutoff,is_published_cutoff,n_test,auroc,auroc_ci_low,auroc_ci_high,sensitivity,specificity,ppv,youden_j,balanced_accuracy,alarm_rate,tp,fp,tn,fn,ppv_at_5pct_prevalence,ppv_at_10pct_prevalence
sofa_total_at_t0,2,1,1392,0.4880423024838156,0.4580293417410622,0.5195296625554662,0.6954022988505747,0.2859195402298851,0.49337410805300713,-0.01867816091954022,0.4906609195402299,0.7047413793103449,484,497,199,212,0.048755918202881034,0.09763970143231793
sofa_total_at_t0,3,0,1392,0.4880423024838156,0.4580293417410622,0.5195296625554662,0.6451149425287356,0.3448275862068966,0.49613259668508286,-0.010057471264367845,0.4949712643678161,0.6501436781609196,449,456,240,247,0.04927027323603643,0.09861629694706787
sofa_total_at_t0,4,0,1392,0.4880423024838156,0.4580293417410622,0.5195296625554662,0.5804597701149425,0.4267241379310345,0.5031133250311333,0.007183908045977017,0.5035919540229885,0.576867816091954,404,399,297,292,0.050594865372573586,0.1011264080100125
sofa_total_at_t0,6,0,1392,0.4880423024838156,0.4580293417410622,0.5195296625554662,0.4267241379310345,0.5632183908045977,0.49417637271214643,-0.010057471264367845,0.4949712643678161,0.4317528735632184,297,304,392,399,0.048904989296887864,0.09792284866468844
qsofa_at_t0,1,0,1392,0.509235863390144,0.4796702484132658,0.5376551793136399,0.8333333333333334,0.1724137931034483,0.5017301038062284,0.005747126436781658,0.5028735632183908,0.8304597701149425,580,576,120,116,0.05032974661575843,0.10062456627342124
qsofa_at_t0,2,1,1392,0.509235863390144,0.4796702484132658,0.5376551793136399,0.6666666666666666,0.35344827586206895,0.5076586433260394,0.02011494252873547,0.5100574712643677,0.6566091954022989,464,450,246,232,0.05147548258264921,0.10279131590606999
qsofa_at_t0,3,0,1392,0.509235863390144,0.4796702484132658,0.5376551793136399,0.2959770114942529,0.7126436781609196,0.5073891625615764,0.008620689655172376,0.5043103448275862,0.2916666666666667,206,200,496,490,0.051422865701447835,0.10269192422731804
qsofa_last_at_t0,1,0,1392,0.5393215748447615,0.5121032430102064,0.5680463163735796,0.6982758620689655,0.367816091954023,0.5248380129589633,0.06609195402298851,0.5330459770114943,0.6652298850574713,486,440,256,210,0.05494008591453765,0.10931174089068825
qsofa_last_at_t0,2,1,1392,0.5393215748447615,0.5121032430102064,0.5680463163735796,0.2543103448275862,0.7873563218390804,0.5446153846153846,0.04166666666666652,0.5208333333333333,0.23347701149425287,177,148,548,519,0.05921712947474071,0.11729622266401588
qsofa_last_at_t0,3,0,1392,0.5393215748447615,0.5121032430102064,0.5680463163735796,0.028735632183908046,0.9770114942528736,0.5555555555555556,0.005747126436781658,0.5028735632183908,0.02586206896551724,20,16,680,676,0.061728395061728475,0.12195121951219524
