model,feature,importance_mean,importance_std
logreg,diagnosis_count,0.05299577662138795,0.007982937669483861
logreg,mechvent__max,0.05159763958260784,0.006906361932436534
logreg,potassium__mean,0.043739821994658104,0.0059685840841747365
logreg,oxygen_flow_device__last,0.04000460670062922,0.007722972162157759
logreg,hemoglobin__mean,0.03856271409047343,0.00872749668707355
logreg,tidal_volume__present,0.03446955843801692,0.005239656241595359
logreg,lactate__max,0.03137719442938194,0.005161908998226167
logreg,platelets__min,0.030714085375103777,0.00491255274193626
logreg,lactate__mean,0.029537601992016837,0.008286195460375382
logreg,arterial_base_excess__mean,0.028290738682406485,0.005666435759054467
logreg,creatinine__mean,0.027307240805931478,0.0038638633558970084
logreg,urine_output__count,0.027227606570160618,0.00690660981497583
logreg,urea_nitrogen__max,0.027050221945618663,0.004241166833883885
logreg,hematocrit__present,0.025043106002327887,0.005953024739131022
logreg,richmond_ras__mean,0.02503965364036793,0.004145191861070197
tree_hgbt,diagnosis_count,0.045838135087563917,0.007152246081470689
tree_hgbt,heart_rate__count,0.036190812585695405,0.007200690868262201
tree_hgbt,iv_fluid__min,0.02719046262705772,0.00905316457605084
tree_hgbt,hours_from_admission_to_prediction,0.01937726808025615,0.003968773479677942
tree_hgbt,hours_from_icu_intime_to_prediction,0.01399667518365505,0.0029726254945572584
tree_hgbt,urine_output__count,0.0044717158527625145,0.0019170703489988117
tree_hgbt,spo2__count,0.0037424423025348595,0.001788518329452756
tree_hgbt,urine_output__min,0.0036659165031136197,0.002329502593784822
tree_hgbt,unit_4,0.0032477789283274993,0.0017410526551645763
tree_hgbt,urine_output__slope,0.002929630480598561,0.0016164571354946931
tree_hgbt,temp_f__mean,0.002918446412297865,0.001104824350419633
tree_hgbt,urine_output__max,0.002239740085987796,0.0015976676194259744
tree_hgbt,dbp_arterial__last,0.0022154415514045677,0.0007793590540276271
tree_hgbt,oxygen_flow_device__slope,0.0021983570757079796,0.002274687363979623
tree_hgbt,iv_fluid__last,0.002145423575852573,0.0014539588229383986
xgboost,diagnosis_count,0.045292125445596056,0.006304845315308651
xgboost,heart_rate__count,0.029791050239443256,0.0067506601223051126
xgboost,iv_fluid__min,0.019387798282368435,0.005249448370885517
xgboost,hours_from_icu_intime_to_prediction,0.018904860507665638,0.003767316432481317
xgboost,hours_from_admission_to_prediction,0.014833290413398093,0.0035937417739664757
xgboost,unit_4,0.00421025741510766,0.0015807134369728868
xgboost,urine_output__max,0.0038254371335197878,0.0019434697210109855
xgboost,spo2__count,0.0026257902310707184,0.0019375324914892092
xgboost,urine_output__count,0.0024895578464858735,0.0010928572589236445
xgboost,urine_output__slope,0.0022966534516321523,0.0012565753893287626
xgboost,treatments__urine_output_sum,0.0022347646701338375,0.0015843386679190601
xgboost,temp_f__mean,0.0020991253283234148,0.0007139852364647203
xgboost,map__min,0.002084654891445559,0.0008790100636221385
xgboost,platelets__max,0.0018382623676755916,0.0008796422445502022
xgboost,spo2__mean,0.001834069232217106,0.0006610546606483435
