auroc,auprc,sensitivity,specificity,f1,ppv,npv,youden_j,balanced_accuracy,ece,test_prevalence,threshold,tp,fp,tn,fn,ppv_at_5pct_prevalence,ppv_at_10pct_prevalence,auroc_ci_low,auroc_ci_high,auprc_ci_low,auprc_ci_high,model,threshold_method,ablation,modalities,include_antibiotics,dropped_features,n_features,n_train,n_val,n_test,seeds,median_seed,auroc_mean,auroc_std,auprc_mean,auprc_std,status
0.5175241940811204,0.5045813621359658,0.7255747126436781,0.3160919540229885,0.6022659511031604,0.5147808358817533,0.5352798053527981,0.04166666666666652,0.5208333333333333,0.0029154780579682747,0.5,0.48792732846886777,505.0,476.0,220.0,191.0,0.052885118860613686,0.10544998955940696,0.48821636612997854,0.547250979290411,0.47223804125972557,0.5393358621719376,logreg,youden,clinical_scores_only,clinical_scores,0,,2,6494,1392,1392,"42,43,44",43,0.5175241940811204,0.0,0.5045813621359658,0.0,ok
0.5622925336900515,0.5405837327777786,0.625,0.48563218390804597,0.5842847548690396,0.5485498108448928,0.5642737896494157,0.11063218390804597,0.555316091954023,0.03824878695825706,0.5,0.4911951804040681,435.0,358.0,338.0,261.0,0.06010777946662982,0.11894995898277276,0.5320692024165248,0.5906237542989663,0.5063366430607846,0.5793357588509539,logreg,youden,labs_only,labs,0,,168,6494,1392,1392,"42,43,44",43,0.5622925336900515,0.0,0.5405837327777786,0.0,ok
0.5893880466376007,0.5816246536520833,0.4942528735632184,0.6408045977011494,0.5333333333333333,0.5791245791245792,0.5588972431077694,0.13505747126436773,0.5675287356321839,0.07638023047438132,0.5,0.5569884090019996,344.0,250.0,446.0,352.0,0.06753042795445623,0.1326137239784117,0.5603991283496605,0.6195083303614276,0.5435543462919733,0.6227569843916161,tree_hgbt,youden,labs_only,labs,0,,168,6494,1392,1392,"42,43,44",43,0.5893880466376007,0.0,0.5816246536520833,0.0,ok
0.5904924692826,0.5851657854538643,0.6163793103448276,0.521551724137931,0.588477366255144,0.562992125984252,0.5761904761904761,0.13793103448275867,0.5689655172413793,0.08076950249626118,0.5,0.49829956889152527,429.0,333.0,363.0,267.0,0.06349911190053287,0.12521891418563924,0.5626069666138227,0.6203276089583734,0.5480899453688322,0.6242640137038374,xgboost,youden,labs_only,labs,0,,168,6494,1392,1392,"42,43,44",44,0.5867787191174528,0.003629557183651799,0.5855368211487519,0.003596551995705728,ok
0.6260032699167658,0.599141139638424,0.6580459770114943,0.5344827586206896,0.6197564276048715,0.5856777493606138,0.6098360655737705,0.19252873563218387,0.5962643678160919,0.048587038379631874,0.5,0.46735896625798745,458.0,324.0,372.0,238.0,0.06924705170849713,0.13574392412566683,0.5965586497579036,0.6564653949017595,0.5641008228352966,0.6400611057312396,logreg,youden,primary_no_billing_features,static+vitals+labs+treatments,0,"diagnosis_count,charlson_comorbidity_index,myocardial_infarct,congestive_heart_failure,peripheral_vascular_disease,cerebrovascular_disease,dementia,chronic_pulmonary_disease,rheumatic_disease,peptic_ulcer_disease,mild_liver_disease,diabetes_without_cc,diabetes_with_cc,paraplegia,renal_disease,malignant_cancer,severe_liver_disease,metastatic_solid_tumor,aids",336,6494,1392,1392,"42,43,44",43,0.6260032699167658,0.0,0.599141139638424,0.0,ok
0.6953857841194345,0.7060561773552967,0.6652298850574713,0.5890804597701149,0.6408304498269897,0.6181575433911882,0.6376360808709176,0.2543103448275863,0.6271551724137931,0.050041040640264094,0.5,0.4650766663419959,463.0,286.0,410.0,233.0,0.07851449889774463,0.15245307869608166,0.6683878504170488,0.7212187881882969,0.6715791067014438,0.7385670886541167,tree_hgbt,youden,primary_no_billing_features,static+vitals+labs+treatments,0,"diagnosis_count,charlson_comorbidity_index,myocardial_infarct,congestive_heart_failure,peripheral_vascular_disease,cerebrovascular_disease,dementia,chronic_pulmonary_disease,rheumatic_disease,peptic_ulcer_disease,mild_liver_disease,diabetes_without_cc,diabetes_with_cc,paraplegia,renal_disease,malignant_cancer,severe_liver_disease,metastatic_solid_tumor,aids",336,6494,1392,1392,"42,43,44",43,0.6953857841194345,0.0,0.7060561773552966,1.1102230246251565e-16,ok
0.6950183313515657,0.7086635788699751,0.5790229885057471,0.6982758620689655,0.6157372039724981,0.6574225122349103,0.6238767650834403,0.2772988505747125,0.6386494252873562,0.06874648581697848,0.5,0.5352832674980164,403.0,210.0,486.0,293.0,0.09173685408604598,0.17575228957697336,0.6683566647777281,0.7220913859553214,0.6767914176606156,0.7412257765581899,xgboost,youden,primary_no_billing_features,static+vitals+labs+treatments,0,"diagnosis_count,charlson_comorbidity_index,myocardial_infarct,congestive_heart_failure,peripheral_vascular_disease,cerebrovascular_disease,dementia,chronic_pulmonary_disease,rheumatic_disease,peptic_ulcer_disease,mild_liver_disease,diabetes_without_cc,diabetes_with_cc,paraplegia,renal_disease,malignant_cancer,severe_liver_disease,metastatic_solid_tumor,aids",336,6494,1392,1392,"42,43,44",43,0.7000697747390673,0.00461153937848311,0.7073121461240898,0.005006313751481052,ok
0.6485727143612102,0.6282960668167203,0.6594827586206896,0.5416666666666666,0.6227951153324288,0.589974293059126,0.6140065146579805,0.20114942528735624,0.6005747126436781,0.059570296314609195,0.5,0.4559678360806151,459.0,319.0,377.0,237.0,0.07039877300613497,0.13783783783783782,0.6200103884624043,0.6767106473965315,0.5898491118078716,0.6672753830168467,logreg,youden,primary_no_temporal_position,static+vitals+labs+treatments,0,"hours_from_icu_intime_to_prediction,hours_from_admission_to_prediction",353,6494,1392,1392,"42,43,44",43,0.6485727143612102,0.0,0.6282960668167203,0.0,ok
0.7074952107279694,0.7106630529453264,0.6221264367816092,0.646551724137931,0.6298181818181818,0.6377025036818851,0.6311360448807855,0.26867816091954033,0.6343390804597702,0.06263164800739238,0.5,0.500896639462854,433.0,246.0,450.0,263.0,0.08478558840806737,0.1635814129202871,0.6804399473683671,0.7342768076274268,0.6786701139022953,0.7460616269459414,tree_hgbt,youden,primary_no_temporal_position,static+vitals+labs+treatments,0,"hours_from_icu_intime_to_prediction,hours_from_admission_to_prediction",353,6494,1392,1392,"42,43,44",43,0.7074952107279694,0.0,0.7106630529453263,1.1102230246251565e-16,ok
0.7072474897608667,0.7144664474466452,0.639367816091954,0.6479885057471264,0.6421356421356421,0.644927536231884,0.6424501424501424,0.28735632183908044,0.6436781609195402,0.0713703646726007,0.5,0.500709056854248,445.0,245.0,451.0,251.0,0.08725490196078431,0.16792452830188676,0.6812811727759444,0.7326288480213687,0.6825428859682043,0.7481132190138982,xgboost,youden,primary_no_temporal_position,static+vitals+labs+treatments,0,"hours_from_icu_intime_to_prediction,hours_from_admission_to_prediction",353,6494,1392,1392,"42,43,44",42,0.7127200587924429,0.005124916994589034,0.7166147915558408,0.005475609757748613,ok
0.7037298520280091,0.6786489644300207,0.7068965517241379,0.6005747126436781,0.6712141882673943,0.638961038961039,0.6720257234726688,0.30747126436781613,0.6537356321839081,0.053663917890362775,0.5,0.4707194545927122,492.0,278.0,418.0,204.0,0.08520956009698649,0.16432865731462926,0.6782106109987357,0.7300754902565414,0.643294307438205,0.7150925504039675,logreg,youden,sensitivity_with_antibiotics,static+vitals+labs+treatments,1,,357,6494,1392,1392,"42,43,44",43,0.7037298520280091,0.0,0.6786489644300207,0.0,ok
0.7814275333597569,0.7768203425014837,0.7227011494252874,0.6968390804597702,0.7134751773049646,0.7044817927170869,0.7153392330383481,0.4195402298850577,0.7097701149425288,0.04281731979567639,0.5,0.5020627121748527,503.0,211.0,485.0,193.0,0.11148049645390073,0.2094088259783514,0.7589310882381551,0.8043454600038387,0.7480631260235588,0.8088241889303456,tree_hgbt,youden,sensitivity_with_antibiotics,static+vitals+labs+treatments,1,,357,6494,1392,1392,"42,43,44",43,0.7814275333597568,1.1102230246251565e-16,0.7768203425014836,1.1102230246251565e-16,ok
0.776972684634694,0.7748505504652841,0.6968390804597702,0.6910919540229885,0.6948424068767909,0.6928571428571428,0.6950867052023122,0.3879310344827587,0.6939655172413793,0.06228843580325261,0.5,0.5029417276382446,485.0,215.0,481.0,211.0,0.10612691466083153,0.2004132231404959,0.7549036343813631,0.8005269207885728,0.7459126595398148,0.8059445417838738,xgboost,youden,sensitivity_with_antibiotics,static+vitals+labs+treatments,1,,357,6494,1392,1392,"42,43,44",42,0.7774137655788963,0.0003143964756509096,0.7739052673742911,0.0014272346303502122,ok
0.609794061302682,0.6203145126690733,0.47413793103448276,0.6997126436781609,0.5344129554655871,0.6122448979591837,0.570926143024619,0.17385057471264354,0.5869252873563218,0.029015446347395307,0.5,0.5253310161351883,330.0,209.0,487.0,366.0,0.07672634271099743,0.14925373134328357,0.5819523103343688,0.6405370566624486,0.5849760627173016,0.658197423948062,logreg,youden,static_only,static,0,,30,6494,1392,1392,"42,43,44",43,0.609794061302682,0.0,0.6203145126690733,0.0,ok
0.626719596379971,0.6226184374673317,0.6623563218390804,0.5445402298850575,0.6255088195386703,0.5925449871465296,0.6172638436482085,0.2068965517241379,0.603448275862069,0.06345229756089904,0.5,0.4606451423620287,461.0,317.0,379.0,235.0,0.07109808760024676,0.13910681955340978,0.5972611770592866,0.6565809183299902,0.5842424585058494,0.6588391460149323,tree_hgbt,youden,static_only,static,0,,30,6494,1392,1392,"42,43,44",43,0.626719596379971,0.0,0.6226184374673317,0.0,ok
0.6205018001056943,0.621950187646765,0.5660919540229885,0.5905172413793104,0.5730909090909091,0.5802650957290133,0.576437587657784,0.15660919540229878,0.5783045977011494,0.09425196433493375,0.5,0.5070903301239014,394.0,285.0,411.0,302.0,0.06782578757101052,0.13315309226089897,0.5913018362421988,0.6506378614032936,0.5860787489481463,0.6573902197130308,xgboost,youden,static_only,static,0,,30,6494,1392,1392,"42,43,44",43,0.62103302395737,0.0031842831596095755,0.6222706770314438,0.0005857175802588568,ok
0.6453461487646981,0.6295428477953354,0.5229885057471264,0.6853448275862069,0.5691946833463644,0.6243567753001715,0.5896168108776267,0.20833333333333326,0.6041666666666666,0.04769720305072497,0.5,0.5393596191556036,364.0,219.0,477.0,332.0,0.08044198895027624,0.1558886509635974,0.6161905916814223,0.6728194894690757,0.5925966819743151,0.6686578973743736,logreg,youden,static_plus_vitals_plus_labs,static+vitals+labs,0,,326,6494,1392,1392,"42,43,44",43,0.6453461487646981,0.0,0.6295428477953354,0.0,ok
0.7001440910291981,0.7041970085914318,0.5991379310344828,0.6767241379310345,0.6233183856502242,0.6495327102803738,0.628,0.27586206896551735,0.6379310344827587,0.05282476526259319,0.5,0.5253592181417671,417.0,225.0,471.0,279.0,0.08887468030690537,0.17076167076167073,0.673879567503454,0.7250939693790573,0.6691100441892961,0.7377717362288125,tree_hgbt,youden,static_plus_vitals_plus_labs,static+vitals+labs,0,,326,6494,1392,1392,"42,43,44",43,0.700144091029198,1.1102230246251565e-16,0.7041970085914318,0.0,ok
0.7093077024706037,0.7139275043089643,0.6192528735632183,0.6709770114942529,0.6356932153392331,0.6530303030303031,0.6379781420765027,0.2902298850574714,0.6451149425287357,0.07051614247497985,0.5,0.5099395513534546,431.0,229.0,467.0,265.0,0.09012965286491009,0.1729534510433387,0.6821322855765675,0.7357769762491051,0.6795730776504015,0.7492870809089992,xgboost,youden,static_plus_vitals_plus_labs,static+vitals+labs,0,,326,6494,1392,1392,"42,43,44",42,0.7092574701633857,0.004167618575961114,0.7144723155714828,0.006039001991967508,ok
0.6560394371779628,0.635066149798946,0.6537356321839081,0.5660919540229885,0.6262904335856848,0.6010568031704095,0.6204724409448819,0.21982758620689657,0.6099137931034483,0.05821056653579694,0.5,0.4639205050854713,455.0,302.0,394.0,241.0,0.07347004682706282,0.14339741569492595,0.6266945005856079,0.6847918812638629,0.5972840673864593,0.6726896404824054,logreg,youden,static_plus_vitals_plus_labs_plus_treatments,static+vitals+labs+treatments,0,,355,6494,1392,1392,"42,43,44",43,0.6560394371779628,0.0,0.635066149798946,0.0,ok
0.7208122770511296,0.7247104707736161,0.6451149425287356,0.6738505747126436,0.6545189504373178,0.6642011834319527,0.6550279329608939,0.3189655172413792,0.6594827586206896,0.04380658241318345,0.5,0.5035454453113141,449.0,227.0,469.0,247.0,0.09428811423771524,0.18017656500802567,0.6951447227179747,0.7453265331162457,0.6939696202491852,0.7578644969892739,tree_hgbt,youden,static_plus_vitals_plus_labs_plus_treatments,static+vitals+labs+treatments,0,,355,6494,1392,1392,"42,43,44",43,0.7208122770511296,0.0,0.7247104707736161,0.0,ok
0.7203230281411018,0.7292810277396489,0.5833333333333334,0.7198275862068966,0.6260601387818041,0.6755407653910149,0.6333754740834386,0.30316091954022983,0.6515804597701149,0.07157876050827662,0.5,0.5388665199279785,406.0,195.0,501.0,290.0,0.09875942593043058,0.18787598334104583,0.6941095605600605,0.7461900063613659,0.6968593504525632,0.761720111612902,xgboost,youden,static_plus_vitals_plus_labs_plus_treatments,static+vitals+labs+treatments,0,,355,6494,1392,1392,"42,43,44",42,0.720838425375435,0.0004569065252278101,0.7291918778626449,0.0006042654279066542,ok
0.5983514169639319,0.5803381343748533,0.40804597701149425,0.7025862068965517,0.4785172704296546,0.5784114052953157,0.5427302996670367,0.11063218390804597,0.555316091954023,0.021283547534741175,0.5,0.5564252657446648,284.0,207.0,489.0,412.0,0.06734645482570548,0.13227759664648348,0.5675722947367028,0.6285497181879035,0.5434468599095701,0.6208792675974859,logreg,youden,treatments_no_antibiotics,treatments,0,,29,6494,1392,1392,"42,43,44",43,0.5983514169639319,0.0,0.5803381343748533,0.0,ok
0.6096020775531774,0.6232397692734453,0.5114942528735632,0.646551724137931,0.5485362095531587,0.5913621262458472,0.569620253164557,0.15804597701149437,0.5790229885057472,0.05840730372864314,0.5,0.5409570836473083,356.0,246.0,450.0,340.0,0.07077534791252486,0.13852140077821012,0.5802492053871338,0.6377178681420839,0.588777736500685,0.661200081624056,tree_hgbt,youden,treatments_no_antibiotics,treatments,0,,29,6494,1392,1392,"42,43,44",43,0.6096020775531774,0.0,0.6232397692734453,0.0,ok
0.6096062062359624,0.6226643955477256,0.5387931034482759,0.6264367816091954,0.5634861006761833,0.5905511811023622,0.5759577278731837,0.16522988505747138,0.5826149425287357,0.0844537040791421,0.5,0.5365922451019287,375.0,260.0,436.0,321.0,0.07055503292568203,0.13812154696132595,0.5785404411798902,0.6381124990951589,0.5887663562933657,0.6598484109885187,xgboost,youden,treatments_no_antibiotics,treatments,0,,29,6494,1392,1392,"42,43,44",44,0.6096296021050777,0.007332064110031342,0.6211776784421673,0.0063932063181546235,ok
0.6093295844893645,0.5889234421497616,0.5517241379310345,0.6020114942528736,0.5659543109801032,0.5809379727685325,0.573187414500684,0.15373563218390807,0.576867816091954,0.02624795795195907,0.5,0.5069548141288616,384.0,277.0,419.0,312.0,0.06800070834071188,0.1334723670490094,0.5811711584781046,0.6376237476172323,0.5527403221118636,0.6261998335620252,logreg,youden,vitals_only,vitals,0,,128,6494,1392,1392,"42,43,44",43,0.6093295844893645,0.0,0.5889234421497616,0.0,ok
0.6601836025234509,0.6559092142199437,0.8031609195402298,0.39080459770114945,0.6658725431804645,0.5686673448626653,0.6650366748166259,0.19396551724137923,0.5969827586206896,0.05147080209556011,0.5,0.36644568660132976,559.0,424.0,272.0,137.0,0.06488682530470112,0.12777142857142856,0.6309260213130495,0.6876722412204913,0.6192561068135264,0.6922950684465522,tree_hgbt,youden,vitals_only,vitals,0,,128,6494,1392,1392,"42,43,44",43,0.6601836025234509,0.0,0.6559092142199437,0.0,ok
0.6540762485136742,0.6550061725441416,0.6379310344827587,0.5689655172413793,0.6166666666666667,0.5967741935483871,0.6111111111111112,0.2068965517241379,0.603448275862069,0.07741987149648624,0.5,0.4844759404659271,444.0,300.0,396.0,252.0,0.07226562500000001,0.14122137404580154,0.625916812419642,0.6806271941228734,0.618110662659919,0.6904008806658417,xgboost,youden,vitals_only,vitals,0,,128,6494,1392,1392,"42,43,44",44,0.6587905161403972,0.00447637134441377,0.6579122098201553,0.00461104678087421,ok
0.6119967135685032,0.5847014967639164,0.5416666666666666,0.6278735632183908,0.566066066066066,0.5927672955974843,0.578042328042328,0.16954022988505746,0.5847701149425287,0.042969978322049886,0.5,0.5203372407036276,377.0,259.0,437.0,319.0,0.07115892789731974,0.13921713441654357,0.5817319077012322,0.6405061436105632,0.5467329465471547,0.623261277485879,logreg,youden,vitals_plus_labs,vitals+labs,0,,296,6494,1392,1392,"42,43,44",43,0.6119967135685032,0.0,0.5847014967639164,0.0,ok
0.6672890655965121,0.6702685137908031,0.6063218390804598,0.6336206896551724,0.6147123088128187,0.6233382570162481,0.6167832167832168,0.23994252873563227,0.6199712643678161,0.05755849942369122,0.5,0.4920691046265296,422.0,255.0,441.0,274.0,0.08012151129675336,0.15531836584468162,0.6390027859037795,0.6956028842570874,0.634334560877357,0.7056715854141898,tree_hgbt,youden,vitals_plus_labs,vitals+labs,0,,296,6494,1392,1392,"42,43,44",43,0.6672890655965121,0.0,0.6702685137908032,1.1102230246251565e-16,ok
0.6765383472057075,0.6781175483686992,0.5747126436781609,0.6910919540229885,0.6102212051868803,0.6504065040650406,0.6190476190476191,0.2658045977011494,0.6329022988505747,0.0548728408095234,0.5,0.5382842421531677,400.0,215.0,481.0,296.0,0.08918617614269789,0.17130620985010708,0.6490213198547421,0.7051668570677272,0.6431368471102652,0.7129681805488793,xgboost,youden,vitals_plus_labs,vitals+labs,0,,296,6494,1392,1392,"42,43,44",43,0.6761385530893557,0.0030261143475322785,0.6774852350533221,0.005629863290844352,ok
