run,threshold_method,threshold,auroc,auprc,sensitivity,specificity,f1,balanced_accuracy,youden_j,test_prevalence,trivial_all_positive_f1,near_degenerate
clinical_scores_only__logreg_seed42,f1,0.4084510910696755,0.5175241940811204,0.5045813621359658,1.0,0.0014367816091954023,0.6669861044561571,0.5007183908045977,0.001436781609195359,0.5,0.6666666666666666,1
clinical_scores_only__logreg_seed42,youden,0.48792732846886777,0.5175241940811204,0.5045813621359658,0.7255747126436781,0.3160919540229885,0.6022659511031604,0.5208333333333333,0.04166666666666652,0.5,0.6666666666666666,0
clinical_scores_only__logreg_seed43,f1,0.4084510910696755,0.5175241940811204,0.5045813621359658,1.0,0.0014367816091954023,0.6669861044561571,0.5007183908045977,0.001436781609195359,0.5,0.6666666666666666,1
clinical_scores_only__logreg_seed43,youden,0.48792732846886777,0.5175241940811204,0.5045813621359658,0.7255747126436781,0.3160919540229885,0.6022659511031604,0.5208333333333333,0.04166666666666652,0.5,0.6666666666666666,0
clinical_scores_only__logreg_seed44,f1,0.4084510910696755,0.5175241940811204,0.5045813621359658,1.0,0.0014367816091954023,0.6669861044561571,0.5007183908045977,0.001436781609195359,0.5,0.6666666666666666,1
clinical_scores_only__logreg_seed44,youden,0.48792732846886777,0.5175241940811204,0.5045813621359658,0.7255747126436781,0.3160919540229885,0.6022659511031604,0.5208333333333333,0.04166666666666652,0.5,0.6666666666666666,0
labs_only__gru_seed42,f1,0.2643580436706543,0.5993319791253798,0.589140066715548,0.9554597701149425,0.11925287356321838,0.6737588652482269,0.5373563218390804,0.07471264367816088,0.5,0.6666666666666666,1
labs_only__gru_seed42,youden,0.485700786113739,0.5993319791253798,0.589140066715548,0.47701149425287354,0.6364942528735632,0.5183450429352069,0.5567528735632183,0.11350574712643668,0.5,0.6666666666666666,0
labs_only__gru_seed43,f1,0.35373303294181824,0.59724492997754,0.5919814865064306,0.9511494252873564,0.09770114942528736,0.6666666666666666,0.5244252873563219,0.04885057471264376,0.5,0.6666666666666666,1
labs_only__gru_seed43,youden,0.5674148201942444,0.59724492997754,0.5919814865064306,0.4827586206896552,0.6508620689655172,0.5270588235294118,0.5668103448275862,0.13362068965517238,0.5,0.6666666666666666,0
labs_only__gru_seed44,f1,0.33057165145874023,0.5917641035803938,0.5814957368795411,0.978448275862069,0.05890804597701149,0.6702755905511811,0.5186781609195402,0.03735632183908044,0.5,0.6666666666666666,1
labs_only__gru_seed44,youden,0.5456984043121338,0.5917641035803938,0.5814957368795411,0.47270114942528735,0.6408045977011494,0.516078431372549,0.5567528735632183,0.11350574712643668,0.5,0.6666666666666666,0
labs_only__logreg_seed42,f1,0.2950791800852725,0.5622925336900515,0.5405837327777786,0.9698275862068966,0.0617816091954023,0.6669960474308301,0.5158045977011494,0.031609195402298784,0.5,0.6666666666666666,1
labs_only__logreg_seed42,youden,0.4911951804040681,0.5622925336900515,0.5405837327777786,0.625,0.48563218390804597,0.5842847548690396,0.555316091954023,0.11063218390804597,0.5,0.6666666666666666,0
labs_only__logreg_seed43,f1,0.2950791800852725,0.5622925336900515,0.5405837327777786,0.9698275862068966,0.0617816091954023,0.6669960474308301,0.5158045977011494,0.031609195402298784,0.5,0.6666666666666666,1
labs_only__logreg_seed43,youden,0.4911951804040681,0.5622925336900515,0.5405837327777786,0.625,0.48563218390804597,0.5842847548690396,0.555316091954023,0.11063218390804597,0.5,0.6666666666666666,0
labs_only__logreg_seed44,f1,0.2950791800852725,0.5622925336900515,0.5405837327777786,0.9698275862068966,0.0617816091954023,0.6669960474308301,0.5158045977011494,0.031609195402298784,0.5,0.6666666666666666,1
labs_only__logreg_seed44,youden,0.4911951804040681,0.5622925336900515,0.5405837327777786,0.625,0.48563218390804597,0.5842847548690396,0.555316091954023,0.11063218390804597,0.5,0.6666666666666666,0
labs_only__tree_hgbt_seed42,f1,0.23469058638627624,0.5893880466376007,0.5816246536520833,0.9554597701149425,0.08333333333333333,0.6653326663331666,0.5193965517241379,0.0387931034482758,0.5,0.6666666666666666,1
labs_only__tree_hgbt_seed42,youden,0.5569884090019996,0.5893880466376007,0.5816246536520833,0.4942528735632184,0.6408045977011494,0.5333333333333333,0.5675287356321839,0.13505747126436773,0.5,0.6666666666666666,0
labs_only__tree_hgbt_seed43,f1,0.23469058638627624,0.5893880466376007,0.5816246536520833,0.9554597701149425,0.08333333333333333,0.6653326663331666,0.5193965517241379,0.0387931034482758,0.5,0.6666666666666666,1
labs_only__tree_hgbt_seed43,youden,0.5569884090019996,0.5893880466376007,0.5816246536520833,0.4942528735632184,0.6408045977011494,0.5333333333333333,0.5675287356321839,0.13505747126436773,0.5,0.6666666666666666,0
labs_only__tree_hgbt_seed44,f1,0.23469058638627624,0.5893880466376007,0.5816246536520833,0.9554597701149425,0.08333333333333333,0.6653326663331666,0.5193965517241379,0.0387931034482758,0.5,0.6666666666666666,1
labs_only__tree_hgbt_seed44,youden,0.5569884090019996,0.5893880466376007,0.5816246536520833,0.4942528735632184,0.6408045977011494,0.5333333333333333,0.5675287356321839,0.13505747126436773,0.5,0.6666666666666666,0
labs_only__xgboost_seed42,f1,0.26481324434280396,0.581853200554895,0.5813292161010832,0.9195402298850575,0.13649425287356323,0.6608156943727413,0.5280172413793104,0.056034482758620774,0.5,0.6666666666666666,1
labs_only__xgboost_seed42,youden,0.5532506704330444,0.581853200554895,0.5813292161010832,0.5057471264367817,0.6293103448275862,0.5390505359877489,0.5675287356321839,0.13505747126436773,0.5,0.6666666666666666,0
labs_only__xgboost_seed43,f1,0.20279338955879211,0.5879904875148632,0.5901154618913083,0.9525862068965517,0.08333333333333333,0.6639959939909865,0.5179597701149425,0.03591954022988508,0.5,0.6666666666666666,1
labs_only__xgboost_seed43,youden,0.5276066064834595,0.5879904875148632,0.5901154618913083,0.5502873563218391,0.5804597701149425,0.5587162654996353,0.5653735632183908,0.13074712643678166,0.5,0.6666666666666666,0
labs_only__xgboost_seed44,f1,0.16073103249073029,0.5904924692826,0.5851657854538643,0.9798850574712644,0.04885057471264368,0.6686274509803921,0.514367816091954,0.028735632183908066,0.5,0.6666666666666666,1
labs_only__xgboost_seed44,youden,0.49829956889152527,0.5904924692826,0.5851657854538643,0.6163793103448276,0.521551724137931,0.588477366255144,0.5689655172413793,0.13793103448275867,0.5,0.6666666666666666,0
primary_no_billing_features__logreg_seed42,f1,0.23574655769461494,0.6260032699167658,0.599141139638424,0.9597701149425287,0.11781609195402298,0.6754297269969667,0.5387931034482758,0.0775862068965516,0.5,0.6666666666666666,1
primary_no_billing_features__logreg_seed42,youden,0.46735896625798745,0.6260032699167658,0.599141139638424,0.6580459770114943,0.5344827586206896,0.6197564276048715,0.5962643678160919,0.19252873563218387,0.5,0.6666666666666666,0
primary_no_billing_features__logreg_seed43,f1,0.23574655769461494,0.6260032699167658,0.599141139638424,0.9597701149425287,0.11781609195402298,0.6754297269969667,0.5387931034482758,0.0775862068965516,0.5,0.6666666666666666,1
primary_no_billing_features__logreg_seed43,youden,0.46735896625798745,0.6260032699167658,0.599141139638424,0.6580459770114943,0.5344827586206896,0.6197564276048715,0.5962643678160919,0.19252873563218387,0.5,0.6666666666666666,0
primary_no_billing_features__logreg_seed44,f1,0.23574655769461494,0.6260032699167658,0.599141139638424,0.9597701149425287,0.11781609195402298,0.6754297269969667,0.5387931034482758,0.0775862068965516,0.5,0.6666666666666666,1
primary_no_billing_features__logreg_seed44,youden,0.46735896625798745,0.6260032699167658,0.599141139638424,0.6580459770114943,0.5344827586206896,0.6197564276048715,0.5962643678160919,0.19252873563218387,0.5,0.6666666666666666,0
primary_no_billing_features__tree_hgbt_seed42,f1,0.21879049006357495,0.6953857841194345,0.7060561773552967,0.9439655172413793,0.17959770114942528,0.682952182952183,0.5617816091954023,0.12356321839080464,0.5,0.6666666666666666,1
primary_no_billing_features__tree_hgbt_seed42,youden,0.4650766663419959,0.6953857841194345,0.7060561773552967,0.6652298850574713,0.5890804597701149,0.6408304498269897,0.6271551724137931,0.2543103448275863,0.5,0.6666666666666666,0
primary_no_billing_features__tree_hgbt_seed43,f1,0.21879049006357495,0.6953857841194345,0.7060561773552967,0.9439655172413793,0.17959770114942528,0.682952182952183,0.5617816091954023,0.12356321839080464,0.5,0.6666666666666666,1
primary_no_billing_features__tree_hgbt_seed43,youden,0.4650766663419959,0.6953857841194345,0.7060561773552967,0.6652298850574713,0.5890804597701149,0.6408304498269897,0.6271551724137931,0.2543103448275863,0.5,0.6666666666666666,0
primary_no_billing_features__tree_hgbt_seed44,f1,0.21879049006357495,0.6953857841194345,0.7060561773552967,0.9439655172413793,0.17959770114942528,0.682952182952183,0.5617816091954023,0.12356321839080464,0.5,0.6666666666666666,1
primary_no_billing_features__tree_hgbt_seed44,youden,0.4650766663419959,0.6953857841194345,0.7060561773552967,0.6652298850574713,0.5890804597701149,0.6408304498269897,0.6271551724137931,0.2543103448275863,0.5,0.6666666666666666,0
primary_no_billing_features__xgboost_seed42,f1,0.29827162623405457,0.7061678392125776,0.7126551495666408,0.8591954022988506,0.3735632183908046,0.6913294797687861,0.6163793103448276,0.23275862068965525,0.5,0.6666666666666666,0
primary_no_billing_features__xgboost_seed42,youden,0.5104996562004089,0.7061678392125776,0.7126551495666408,0.6063218390804598,0.6882183908045977,0.6322097378277154,0.6472701149425287,0.29454022988505746,0.5,0.6666666666666666,0
primary_no_billing_features__xgboost_seed43,f1,0.22381001710891724,0.6950183313515657,0.7086635788699751,0.9166666666666666,0.24568965517241378,0.6863905325443787,0.5811781609195402,0.16235632183908044,0.5,0.6666666666666666,1
primary_no_billing_features__xgboost_seed43,youden,0.5352832674980164,0.6950183313515657,0.7086635788699751,0.5790229885057471,0.6982758620689655,0.6157372039724981,0.6386494252873562,0.2772988505747125,0.5,0.6666666666666666,0
primary_no_billing_features__xgboost_seed44,f1,0.2259730100631714,0.6990231536530586,0.7006177099356538,0.9209770114942529,0.24568965517241378,0.6885069817400644,0.5833333333333334,0.16666666666666674,0.5,0.6666666666666666,0
primary_no_billing_features__xgboost_seed44,youden,0.525115966796875,0.6990231536530586,0.7006177099356538,0.5977011494252874,0.7183908045977011,0.636085626911315,0.6580459770114943,0.3160919540229885,0.5,0.6666666666666666,0
primary_no_temporal_position__logreg_seed42,f1,0.3138992899669203,0.6485727143612102,0.6282960668167203,0.8778735632183908,0.28879310344827586,0.6781354051054383,0.5833333333333334,0.16666666666666674,0.5,0.6666666666666666,1
primary_no_temporal_position__logreg_seed42,youden,0.4559678360806151,0.6485727143612102,0.6282960668167203,0.6594827586206896,0.5416666666666666,0.6227951153324288,0.6005747126436781,0.20114942528735624,0.5,0.6666666666666666,0
primary_no_temporal_position__logreg_seed43,f1,0.3138992899669203,0.6485727143612102,0.6282960668167203,0.8778735632183908,0.28879310344827586,0.6781354051054383,0.5833333333333334,0.16666666666666674,0.5,0.6666666666666666,1
primary_no_temporal_position__logreg_seed43,youden,0.4559678360806151,0.6485727143612102,0.6282960668167203,0.6594827586206896,0.5416666666666666,0.6227951153324288,0.6005747126436781,0.20114942528735624,0.5,0.6666666666666666,0
primary_no_temporal_position__logreg_seed44,f1,0.3138992899669203,0.6485727143612102,0.6282960668167203,0.8778735632183908,0.28879310344827586,0.6781354051054383,0.5833333333333334,0.16666666666666674,0.5,0.6666666666666666,1
primary_no_temporal_position__logreg_seed44,youden,0.4559678360806151,0.6485727143612102,0.6282960668167203,0.6594827586206896,0.5416666666666666,0.6227951153324288,0.6005747126436781,0.20114942528735624,0.5,0.6666666666666666,0
primary_no_temporal_position__tree_hgbt_seed42,f1,0.21086683547394594,0.7074952107279694,0.7106630529453264,0.9439655172413793,0.22844827586206898,0.6952380952380952,0.5862068965517242,0.1724137931034484,0.5,0.6666666666666666,0
primary_no_temporal_position__tree_hgbt_seed42,youden,0.500896639462854,0.7074952107279694,0.7106630529453264,0.6221264367816092,0.646551724137931,0.6298181818181818,0.6343390804597702,0.26867816091954033,0.5,0.6666666666666666,0
primary_no_temporal_position__tree_hgbt_seed43,f1,0.21086683547394594,0.7074952107279694,0.7106630529453264,0.9439655172413793,0.22844827586206898,0.6952380952380952,0.5862068965517242,0.1724137931034484,0.5,0.6666666666666666,0
primary_no_temporal_position__tree_hgbt_seed43,youden,0.500896639462854,0.7074952107279694,0.7106630529453264,0.6221264367816092,0.646551724137931,0.6298181818181818,0.6343390804597702,0.26867816091954033,0.5,0.6666666666666666,0
primary_no_temporal_position__tree_hgbt_seed44,f1,0.21086683547394594,0.7074952107279694,0.7106630529453264,0.9439655172413793,0.22844827586206898,0.6952380952380952,0.5862068965517242,0.1724137931034484,0.5,0.6666666666666666,0
primary_no_temporal_position__tree_hgbt_seed44,youden,0.500896639462854,0.7074952107279694,0.7106630529453264,0.6221264367816092,0.646551724137931,0.6298181818181818,0.6343390804597702,0.26867816091954033,0.5,0.6666666666666666,0
primary_no_temporal_position__xgboost_seed42,f1,0.3167090117931366,0.7072474897608667,0.7144664474466452,0.8232758620689655,0.4209770114942529,0.6854066985645934,0.6221264367816092,0.24425287356321834,0.5,0.6666666666666666,1
primary_no_temporal_position__xgboost_seed42,youden,0.500709056854248,0.7072474897608667,0.7144664474466452,0.639367816091954,0.6479885057471264,0.6421356421356421,0.6436781609195402,0.28735632183908044,0.5,0.6666666666666666,0
primary_no_temporal_position__xgboost_seed43,f1,0.3335891366004944,0.7195716078742238,0.724131937808749,0.8376436781609196,0.45689655172413796,0.7036813518406759,0.6472701149425287,0.29454022988505746,0.5,0.6666666666666666,0
primary_no_temporal_position__xgboost_seed43,youden,0.4619193971157074,0.7195716078742238,0.724131937808749,0.6925287356321839,0.6221264367816092,0.6689798750867453,0.6573275862068966,0.31465517241379315,0.5,0.6666666666666666,1
primary_no_temporal_position__xgboost_seed44,f1,0.2742865979671478,0.7113410787422381,0.7112459894121286,0.8735632183908046,0.3635057471264368,0.6960503720663995,0.6185344827586208,0.23706896551724155,0.5,0.6666666666666666,0
primary_no_temporal_position__xgboost_seed44,youden,0.4530085325241089,0.7113410787422381,0.7112459894121286,0.7068965517241379,0.5991379310344828,0.6707566462167689,0.6530172413793103,0.30603448275862055,0.5,0.6666666666666666,1
sensitivity_with_antibiotics__gru_seed42,f1,0.30472368001937866,0.7426488803012288,0.7310492793572452,0.8922413793103449,0.4367816091954023,0.7267407840842598,0.6645114942528736,0.3290229885057472,0.5,0.6666666666666666,0
sensitivity_with_antibiotics__gru_seed42,youden,0.42829224467277527,0.7426488803012288,0.7310492793572452,0.6997126436781609,0.6192528735632183,0.6726519337016574,0.6594827586206896,0.3189655172413792,0.5,0.6666666666666666,1
sensitivity_with_antibiotics__gru_seed43,f1,0.31764501333236694,0.7404957722288281,0.7302413974525409,0.8735632183908046,0.4295977011494253,0.7148736037624926,0.6515804597701149,0.30316091954022983,0.5,0.6666666666666666,0
sensitivity_with_antibiotics__gru_seed43,youden,0.46831008791923523,0.7404957722288281,0.7302413974525409,0.7155172413793104,0.6091954022988506,0.679399727148704,0.6623563218390804,0.3247126436781609,0.5,0.6666666666666666,1
sensitivity_with_antibiotics__gru_seed44,f1,0.37102800607681274,0.7463636626370722,0.733816056589595,0.8663793103448276,0.4454022988505747,0.715727002967359,0.6558908045977012,0.31178160919540243,0.5,0.6666666666666666,0
sensitivity_with_antibiotics__gru_seed44,youden,0.5746615529060364,0.7463636626370722,0.733816056589595,0.6566091954022989,0.7040229885057471,0.6725533480500367,0.680316091954023,0.36063218390804597,0.5,0.6666666666666666,1
sensitivity_with_antibiotics__logreg_seed42,f1,0.2995331182449861,0.7037298520280091,0.6786489644300207,0.882183908045977,0.34626436781609193,0.6957507082152975,0.6142241379310345,0.22844827586206895,0.5,0.6666666666666666,0
sensitivity_with_antibiotics__logreg_seed42,youden,0.4707194545927122,0.7037298520280091,0.6786489644300207,0.7068965517241379,0.6005747126436781,0.6712141882673943,0.6537356321839081,0.30747126436781613,0.5,0.6666666666666666,1
sensitivity_with_antibiotics__logreg_seed43,f1,0.2995331182449861,0.7037298520280091,0.6786489644300207,0.882183908045977,0.34626436781609193,0.6957507082152975,0.6142241379310345,0.22844827586206895,0.5,0.6666666666666666,0
sensitivity_with_antibiotics__logreg_seed43,youden,0.4707194545927122,0.7037298520280091,0.6786489644300207,0.7068965517241379,0.6005747126436781,0.6712141882673943,0.6537356321839081,0.30747126436781613,0.5,0.6666666666666666,1
sensitivity_with_antibiotics__logreg_seed44,f1,0.2995331182449861,0.7037298520280091,0.6786489644300207,0.882183908045977,0.34626436781609193,0.6957507082152975,0.6142241379310345,0.22844827586206895,0.5,0.6666666666666666,0
sensitivity_with_antibiotics__logreg_seed44,youden,0.4707194545927122,0.7037298520280091,0.6786489644300207,0.7068965517241379,0.6005747126436781,0.6712141882673943,0.6537356321839081,0.30747126436781613,0.5,0.6666666666666666,1
sensitivity_with_antibiotics__tree_hgbt_seed42,f1,0.3676752747129672,0.7814275333597569,0.7768203425014837,0.8405172413793104,0.5373563218390804,0.7298814722395508,0.6889367816091954,0.3778735632183907,0.5,0.6666666666666666,0
sensitivity_with_antibiotics__tree_hgbt_seed42,youden,0.5020627121748527,0.7814275333597569,0.7768203425014837,0.7227011494252874,0.6968390804597702,0.7134751773049646,0.7097701149425288,0.4195402298850577,0.5,0.6666666666666666,0
sensitivity_with_antibiotics__tree_hgbt_seed43,f1,0.3676752747129672,0.7814275333597569,0.7768203425014837,0.8405172413793104,0.5373563218390804,0.7298814722395508,0.6889367816091954,0.3778735632183907,0.5,0.6666666666666666,0
sensitivity_with_antibiotics__tree_hgbt_seed43,youden,0.5020627121748527,0.7814275333597569,0.7768203425014837,0.7227011494252874,0.6968390804597702,0.7134751773049646,0.7097701149425288,0.4195402298850577,0.5,0.6666666666666666,0
sensitivity_with_antibiotics__tree_hgbt_seed44,f1,0.3676752747129672,0.7814275333597569,0.7768203425014837,0.8405172413793104,0.5373563218390804,0.7298814722395508,0.6889367816091954,0.3778735632183907,0.5,0.6666666666666666,0
sensitivity_with_antibiotics__tree_hgbt_seed44,youden,0.5020627121748527,0.7814275333597569,0.7768203425014837,0.7227011494252874,0.6968390804597702,0.7134751773049646,0.7097701149425288,0.4195402298850577,0.5,0.6666666666666666,0
sensitivity_with_antibiotics__xgboost_seed42,f1,0.31077954173088074,0.776972684634694,0.7748505504652841,0.8563218390804598,0.5014367816091954,0.7272727272727273,0.6788793103448276,0.35775862068965525,0.5,0.6666666666666666,0
sensitivity_with_antibiotics__xgboost_seed42,youden,0.5029417276382446,0.776972684634694,0.7748505504652841,0.6968390804597702,0.6910919540229885,0.6948424068767909,0.6939655172413793,0.3879310344827587,0.5,0.6666666666666666,0
sensitivity_with_antibiotics__xgboost_seed43,f1,0.32945767045021057,0.7775857940282731,0.7749770765219276,0.8491379310344828,0.5172413793103449,0.7282809611829945,0.6831896551724138,0.3663793103448276,0.5,0.6666666666666666,0
sensitivity_with_antibiotics__xgboost_seed43,youden,0.499874085187912,0.7775857940282731,0.7749770765219276,0.7212643678160919,0.6839080459770115,0.7080394922425952,0.7025862068965517,0.4051724137931034,0.5,0.6666666666666666,0
sensitivity_with_antibiotics__xgboost_seed44,f1,0.33952596783638,0.7776828180737217,0.7718881751356619,0.8491379310344828,0.5330459770114943,0.7332506203473945,0.6910919540229885,0.382183908045977,0.5,0.6666666666666666,0
sensitivity_with_antibiotics__xgboost_seed44,youden,0.49735015630722046,0.7776828180737217,0.7718881751356619,0.7270114942528736,0.6882183908045977,0.7131782945736435,0.7076149425287357,0.4152298850574714,0.5,0.6666666666666666,0
static_only__gru_seed42,f1,0.23603756725788116,0.6169511329105561,0.6120508220939574,0.9971264367816092,0.03735632183908046,0.6737864077669903,0.5172413793103449,0.034482758620689724,0.5,0.6666666666666666,1
static_only__gru_seed42,youden,0.525397539138794,0.6169511329105561,0.6120508220939574,0.46551724137931033,0.6724137931034483,0.5192307692307693,0.5689655172413793,0.13793103448275867,0.5,0.6666666666666666,0
static_only__gru_seed43,f1,0.21995161473751068,0.6168272724270049,0.612177436575514,0.9985632183908046,0.028735632183908046,0.6724721819061442,0.5136494252873564,0.027298850574712707,0.5,0.6666666666666666,1
static_only__gru_seed43,youden,0.48070600628852844,0.6168272724270049,0.612177436575514,0.5158045977011494,0.6451149425287356,0.5514592933947773,0.5804597701149425,0.16091954022988508,0.5,0.6666666666666666,0
static_only__gru_seed44,f1,0.21062175929546356,0.6192115867353679,0.6223358240165713,0.9956896551724138,0.027298850574712645,0.6708615682478218,0.5114942528735632,0.02298850574712641,0.5,0.6666666666666666,1
static_only__gru_seed44,youden,0.5499376058578491,0.6192115867353679,0.6223358240165713,0.4267241379310345,0.7456896551724138,0.5076923076923077,0.5862068965517242,0.1724137931034484,0.5,0.6666666666666666,0
static_only__logreg_seed42,f1,0.3726504005912156,0.609794061302682,0.6203145126690733,0.8994252873563219,0.15804597701149425,0.6561844863731656,0.5287356321839081,0.05747126436781613,0.5,0.6666666666666666,1
static_only__logreg_seed42,youden,0.5253310161351883,0.609794061302682,0.6203145126690733,0.47413793103448276,0.6997126436781609,0.5344129554655871,0.5869252873563218,0.17385057471264354,0.5,0.6666666666666666,0
static_only__logreg_seed43,f1,0.3726504005912156,0.609794061302682,0.6203145126690733,0.8994252873563219,0.15804597701149425,0.6561844863731656,0.5287356321839081,0.05747126436781613,0.5,0.6666666666666666,1
static_only__logreg_seed43,youden,0.5253310161351883,0.609794061302682,0.6203145126690733,0.47413793103448276,0.6997126436781609,0.5344129554655871,0.5869252873563218,0.17385057471264354,0.5,0.6666666666666666,0
static_only__logreg_seed44,f1,0.3726504005912156,0.609794061302682,0.6203145126690733,0.8994252873563219,0.15804597701149425,0.6561844863731656,0.5287356321839081,0.05747126436781613,0.5,0.6666666666666666,1
static_only__logreg_seed44,youden,0.5253310161351883,0.609794061302682,0.6203145126690733,0.47413793103448276,0.6997126436781609,0.5344129554655871,0.5869252873563218,0.17385057471264354,0.5,0.6666666666666666,0
static_only__tree_hgbt_seed42,f1,0.29619335891095405,0.626719596379971,0.6226184374673317,0.8793103448275862,0.20833333333333334,0.6584185045723507,0.5438218390804598,0.08764367816091956,0.5,0.6666666666666666,1
static_only__tree_hgbt_seed42,youden,0.4606451423620287,0.626719596379971,0.6226184374673317,0.6623563218390804,0.5445402298850575,0.6255088195386703,0.603448275862069,0.2068965517241379,0.5,0.6666666666666666,0
static_only__tree_hgbt_seed43,f1,0.29619335891095405,0.626719596379971,0.6226184374673317,0.8793103448275862,0.20833333333333334,0.6584185045723507,0.5438218390804598,0.08764367816091956,0.5,0.6666666666666666,1
static_only__tree_hgbt_seed43,youden,0.4606451423620287,0.626719596379971,0.6226184374673317,0.6623563218390804,0.5445402298850575,0.6255088195386703,0.603448275862069,0.2068965517241379,0.5,0.6666666666666666,0
static_only__tree_hgbt_seed44,f1,0.29619335891095405,0.626719596379971,0.6226184374673317,0.8793103448275862,0.20833333333333334,0.6584185045723507,0.5438218390804598,0.08764367816091956,0.5,0.6666666666666666,1
static_only__tree_hgbt_seed44,youden,0.4606451423620287,0.626719596379971,0.6226184374673317,0.6623563218390804,0.5445402298850575,0.6255088195386703,0.603448275862069,0.2068965517241379,0.5,0.6666666666666666,0
static_only__xgboost_seed42,f1,0.15102817118167877,0.6251713403355793,0.6217694366208009,0.9755747126436781,0.06321839080459771,0.6699555994079921,0.5193965517241379,0.0387931034482758,0.5,0.6666666666666666,1
static_only__xgboost_seed42,youden,0.5128626823425293,0.6251713403355793,0.6217694366208009,0.5488505747126436,0.610632183908046,0.5663454410674573,0.5797413793103448,0.1594827586206895,0.5,0.6666666666666666,0
static_only__xgboost_seed43,f1,0.23359815776348114,0.6205018001056943,0.621950187646765,0.9152298850574713,0.16954022988505746,0.6666666666666666,0.5423850574712643,0.08477011494252862,0.5,0.6666666666666666,1
static_only__xgboost_seed43,youden,0.5070903301239014,0.6205018001056943,0.621950187646765,0.5660919540229885,0.5905172413793104,0.5730909090909091,0.5783045977011494,0.15660919540229878,0.5,0.6666666666666666,0
static_only__xgboost_seed44,f1,0.22113607823848724,0.6174259314308363,0.6230924068267656,0.9353448275862069,0.13793103448275862,0.6687211093990755,0.5366379310344828,0.07327586206896552,0.5,0.6666666666666666,1
static_only__xgboost_seed44,youden,0.46349650621414185,0.6174259314308363,0.6230924068267656,0.6436781609195402,0.5201149425287356,0.6062246278755075,0.5818965517241379,0.1637931034482758,0.5,0.6666666666666666,0
static_plus_vitals_plus_labs__gru_seed42,f1,0.20374906063079834,0.6867423867089444,0.6732369458117822,0.9439655172413793,0.1925287356321839,0.6861618798955613,0.5682471264367817,0.13649425287356332,0.5,0.6666666666666666,1
static_plus_vitals_plus_labs__gru_seed42,youden,0.43405967950820923,0.6867423867089444,0.6732369458117822,0.6666666666666666,0.5804597701149425,0.6391184573002755,0.6235632183908046,0.24712643678160928,0.5,0.6666666666666666,0
static_plus_vitals_plus_labs__gru_seed43,f1,0.2598336338996887,0.6912674230413529,0.683712795622418,0.9037356321839081,0.2557471264367816,0.6825827455236029,0.5797413793103449,0.15948275862068972,0.5,0.6666666666666666,1
static_plus_vitals_plus_labs__gru_seed43,youden,0.48608049750328064,0.6912674230413529,0.683712795622418,0.6810344827586207,0.5862068965517241,0.6502057613168725,0.6336206896551724,0.26724137931034475,0.5,0.6666666666666666,1
static_plus_vitals_plus_labs__gru_seed44,f1,0.19594936072826385,0.6930489496630995,0.6865979753903615,0.9583333333333334,0.16091954022988506,0.6851566512583461,0.5596264367816092,0.11925287356321834,0.5,0.6666666666666666,1
static_plus_vitals_plus_labs__gru_seed44,youden,0.5667212009429932,0.6930489496630995,0.6865979753903615,0.5890804597701149,0.728448275862069,0.6332046332046332,0.6587643678160919,0.31752873563218387,0.5,0.6666666666666666,0
static_plus_vitals_plus_labs__logreg_seed42,f1,0.298070808206767,0.6453461487646981,0.6295428477953354,0.9008620689655172,0.21408045977011494,0.6705882352941176,0.5574712643678161,0.11494252873563227,0.5,0.6666666666666666,1
static_plus_vitals_plus_labs__logreg_seed42,youden,0.5393596191556036,0.6453461487646981,0.6295428477953354,0.5229885057471264,0.6853448275862069,0.5691946833463644,0.6041666666666666,0.20833333333333326,0.5,0.6666666666666666,0
static_plus_vitals_plus_labs__logreg_seed43,f1,0.298070808206767,0.6453461487646981,0.6295428477953354,0.9008620689655172,0.21408045977011494,0.6705882352941176,0.5574712643678161,0.11494252873563227,0.5,0.6666666666666666,1
static_plus_vitals_plus_labs__logreg_seed43,youden,0.5393596191556036,0.6453461487646981,0.6295428477953354,0.5229885057471264,0.6853448275862069,0.5691946833463644,0.6041666666666666,0.20833333333333326,0.5,0.6666666666666666,0
static_plus_vitals_plus_labs__logreg_seed44,f1,0.298070808206767,0.6453461487646981,0.6295428477953354,0.9008620689655172,0.21408045977011494,0.6705882352941176,0.5574712643678161,0.11494252873563227,0.5,0.6666666666666666,1
static_plus_vitals_plus_labs__logreg_seed44,youden,0.5393596191556036,0.6453461487646981,0.6295428477953354,0.5229885057471264,0.6853448275862069,0.5691946833463644,0.6041666666666666,0.20833333333333326,0.5,0.6666666666666666,0
static_plus_vitals_plus_labs__tree_hgbt_seed42,f1,0.21953279761563219,0.7001440910291981,0.7041970085914318,0.9396551724137931,0.21839080459770116,0.6906019007391764,0.5790229885057472,0.15804597701149437,0.5,0.6666666666666666,0
static_plus_vitals_plus_labs__tree_hgbt_seed42,youden,0.5253592181417671,0.7001440910291981,0.7041970085914318,0.5991379310344828,0.6767241379310345,0.6233183856502242,0.6379310344827587,0.27586206896551735,0.5,0.6666666666666666,0
static_plus_vitals_plus_labs__tree_hgbt_seed43,f1,0.21953279761563219,0.7001440910291981,0.7041970085914318,0.9396551724137931,0.21839080459770116,0.6906019007391764,0.5790229885057472,0.15804597701149437,0.5,0.6666666666666666,0
static_plus_vitals_plus_labs__tree_hgbt_seed43,youden,0.5253592181417671,0.7001440910291981,0.7041970085914318,0.5991379310344828,0.6767241379310345,0.6233183856502242,0.6379310344827587,0.27586206896551735,0.5,0.6666666666666666,0
static_plus_vitals_plus_labs__tree_hgbt_seed44,f1,0.21953279761563219,0.7001440910291981,0.7041970085914318,0.9396551724137931,0.21839080459770116,0.6906019007391764,0.5790229885057472,0.15804597701149437,0.5,0.6666666666666666,0
static_plus_vitals_plus_labs__tree_hgbt_seed44,youden,0.5253592181417671,0.7001440910291981,0.7041970085914318,0.5991379310344828,0.6767241379310345,0.6233183856502242,0.6379310344827587,0.27586206896551735,0.5,0.6666666666666666,0
static_plus_vitals_plus_labs__xgboost_seed42,f1,0.22725136578083038,0.7093077024706037,0.7139275043089643,0.9109195402298851,0.28160919540229884,0.692896174863388,0.5962643678160919,0.19252873563218387,0.5,0.6666666666666666,0
static_plus_vitals_plus_labs__xgboost_seed42,youden,0.5099395513534546,0.7093077024706037,0.7139275043089643,0.6192528735632183,0.6709770114942529,0.6356932153392331,0.6451149425287357,0.2902298850574714,0.5,0.6666666666666666,0
static_plus_vitals_plus_labs__xgboost_seed43,f1,0.3002752959728241,0.7041282699167657,0.7073635489987723,0.8505747126436781,0.3807471264367816,0.6887725421756835,0.6156609195402298,0.23132183908045967,0.5,0.6666666666666666,0
static_plus_vitals_plus_labs__xgboost_seed43,youden,0.4945647716522217,0.7041282699167657,0.7073635489987723,0.639367816091954,0.6379310344827587,0.6389088298636038,0.6386494252873564,0.2772988505747127,0.5,0.6666666666666666,0
static_plus_vitals_plus_labs__xgboost_seed44,f1,0.30602094531059265,0.7143364381027877,0.7221258934067118,0.8477011494252874,0.39511494252873564,0.6912712360867018,0.6214080459770115,0.24281609195402298,0.5,0.6666666666666666,0
static_plus_vitals_plus_labs__xgboost_seed44,youden,0.490573912858963,0.7143364381027877,0.7221258934067118,0.6522988505747126,0.6522988505747126,0.6522988505747126,0.6522988505747126,0.3045977011494252,0.5,0.6666666666666666,1
static_plus_vitals_plus_labs_plus_treatments__gru_seed42,f1,0.25275301933288574,0.6967606354868543,0.6829562496651975,0.9238505747126436,0.25287356321839083,0.6917697686928456,0.5883620689655172,0.17672413793103448,0.5,0.6666666666666666,0
static_plus_vitals_plus_labs_plus_treatments__gru_seed42,youden,0.4966968595981598,0.6967606354868543,0.6829562496651975,0.5459770114942529,0.7485632183908046,0.6075139888089528,0.6472701149425288,0.2945402298850577,0.5,0.6666666666666666,0
static_plus_vitals_plus_labs_plus_treatments__gru_seed43,f1,0.3595960736274719,0.6994855661249835,0.6793771927575784,0.8175287356321839,0.41235632183908044,0.6798088410991637,0.6149425287356322,0.2298850574712643,0.5,0.6666666666666666,1
static_plus_vitals_plus_labs_plus_treatments__gru_seed43,youden,0.5138627886772156,0.6994855661249835,0.6793771927575784,0.6508620689655172,0.6566091954022989,0.6527377521613833,0.6537356321839081,0.30747126436781613,0.5,0.6666666666666666,1
static_plus_vitals_plus_labs_plus_treatments__gru_seed44,f1,0.3604397773742676,0.6967327668780552,0.6904185041346464,0.8405172413793104,0.3793103448275862,0.6830122591943958,0.6099137931034483,0.21982758620689657,0.5,0.6666666666666666,1
static_plus_vitals_plus_labs_plus_treatments__gru_seed44,youden,0.4960750937461853,0.6967327668780552,0.6904185041346464,0.6522988505747126,0.6278735632183908,0.6444286728176012,0.6400862068965517,0.2801724137931034,0.5,0.6666666666666666,0
static_plus_vitals_plus_labs_plus_treatments__logreg_seed42,f1,0.3235570274913386,0.6560394371779628,0.635066149798946,0.8735632183908046,0.3218390804597701,0.6846846846846847,0.5977011494252874,0.1954022988505748,0.5,0.6666666666666666,1
static_plus_vitals_plus_labs_plus_treatments__logreg_seed42,youden,0.4639205050854713,0.6560394371779628,0.635066149798946,0.6537356321839081,0.5660919540229885,0.6262904335856848,0.6099137931034483,0.21982758620689657,0.5,0.6666666666666666,0
static_plus_vitals_plus_labs_plus_treatments__logreg_seed43,f1,0.3235570274913386,0.6560394371779628,0.635066149798946,0.8735632183908046,0.3218390804597701,0.6846846846846847,0.5977011494252874,0.1954022988505748,0.5,0.6666666666666666,1
static_plus_vitals_plus_labs_plus_treatments__logreg_seed43,youden,0.4639205050854713,0.6560394371779628,0.635066149798946,0.6537356321839081,0.5660919540229885,0.6262904335856848,0.6099137931034483,0.21982758620689657,0.5,0.6666666666666666,0
static_plus_vitals_plus_labs_plus_treatments__logreg_seed44,f1,0.3235570274913386,0.6560394371779628,0.635066149798946,0.8735632183908046,0.3218390804597701,0.6846846846846847,0.5977011494252874,0.1954022988505748,0.5,0.6666666666666666,1
static_plus_vitals_plus_labs_plus_treatments__logreg_seed44,youden,0.4639205050854713,0.6560394371779628,0.635066149798946,0.6537356321839081,0.5660919540229885,0.6262904335856848,0.6099137931034483,0.21982758620689657,0.5,0.6666666666666666,0
static_plus_vitals_plus_labs_plus_treatments__tree_hgbt_seed42,f1,0.31200908163381685,0.7208122770511296,0.7247104707736161,0.860632183908046,0.3922413793103448,0.6973224679860303,0.6264367816091954,0.2528735632183907,0.5,0.6666666666666666,0
static_plus_vitals_plus_labs_plus_treatments__tree_hgbt_seed42,youden,0.5035454453113141,0.7208122770511296,0.7247104707736161,0.6451149425287356,0.6738505747126436,0.6545189504373178,0.6594827586206896,0.3189655172413792,0.5,0.6666666666666666,1
static_plus_vitals_plus_labs_plus_treatments__tree_hgbt_seed43,f1,0.31200908163381685,0.7208122770511296,0.7247104707736161,0.860632183908046,0.3922413793103448,0.6973224679860303,0.6264367816091954,0.2528735632183907,0.5,0.6666666666666666,0
static_plus_vitals_plus_labs_plus_treatments__tree_hgbt_seed43,youden,0.5035454453113141,0.7208122770511296,0.7247104707736161,0.6451149425287356,0.6738505747126436,0.6545189504373178,0.6594827586206896,0.3189655172413792,0.5,0.6666666666666666,1
static_plus_vitals_plus_labs_plus_treatments__tree_hgbt_seed44,f1,0.31200908163381685,0.7208122770511296,0.7247104707736161,0.860632183908046,0.3922413793103448,0.6973224679860303,0.6264367816091954,0.2528735632183907,0.5,0.6666666666666666,0
static_plus_vitals_plus_labs_plus_treatments__tree_hgbt_seed44,youden,0.5035454453113141,0.7208122770511296,0.7247104707736161,0.6451149425287356,0.6738505747126436,0.6545189504373178,0.6594827586206896,0.3189655172413792,0.5,0.6666666666666666,1
static_plus_vitals_plus_labs_plus_treatments__xgboost_seed42,f1,0.31359320878982544,0.7203230281411018,0.7292810277396489,0.8505747126436781,0.43103448275862066,0.7030878859857482,0.6408045977011494,0.2816091954022988,0.5,0.6666666666666666,0
static_plus_vitals_plus_labs_plus_treatments__xgboost_seed42,youden,0.5388665199279785,0.7203230281411018,0.7292810277396489,0.5833333333333334,0.7198275862068966,0.6260601387818041,0.6515804597701149,0.30316091954022983,0.5,0.6666666666666666,0
static_plus_vitals_plus_labs_plus_treatments__xgboost_seed43,f1,0.2585338354110718,0.7207586041749241,0.7298833357261414,0.8879310344827587,0.34770114942528735,0.6990950226244343,0.617816091954023,0.23563218390804597,0.5,0.6666666666666666,0
static_plus_vitals_plus_labs_plus_treatments__xgboost_seed43,youden,0.4505949020385742,0.7207586041749241,0.7298833357261414,0.6954022988505747,0.603448275862069,0.6648351648351648,0.6494252873563218,0.29885057471264354,0.5,0.6666666666666666,1
static_plus_vitals_plus_labs_plus_treatments__xgboost_seed44,f1,0.26126164197921753,0.7214336438102789,0.7284112701221448,0.8836206896551724,0.35488505747126436,0.6988636363636364,0.6192528735632183,0.23850574712643668,0.5,0.6666666666666666,0
static_plus_vitals_plus_labs_plus_treatments__xgboost_seed44,youden,0.43399515748023987,0.7214336438102789,0.7284112701221448,0.7212643678160919,0.5804597701149425,0.6738255033557047,0.6508620689655172,0.3017241379310345,0.5,0.6666666666666666,1
treatments_no_antibiotics__gru_seed42,f1,0.23213300108909607,0.584379954419342,0.5727032909064038,0.9942528735632183,0.01293103448275862,0.6669879518072289,0.5035919540229885,0.007183908045977017,0.5,0.6666666666666666,1
treatments_no_antibiotics__gru_seed42,youden,0.5509998798370361,0.584379954419342,0.5727032909064038,0.4109195402298851,0.7068965517241379,0.4822934232715008,0.5589080459770115,0.11781609195402298,0.5,0.6666666666666666,0
treatments_no_antibiotics__gru_seed43,f1,0.25019392371177673,0.5810955872638394,0.5689045557379417,0.992816091954023,0.010057471264367816,0.6657032755298651,0.5014367816091954,0.002873563218390718,0.5,0.6666666666666666,1
treatments_no_antibiotics__gru_seed43,youden,0.5504027009010315,0.5810955872638394,0.5689045557379417,0.4410919540229885,0.6709770114942529,0.49837662337662336,0.5560344827586208,0.11206896551724155,0.5,0.6666666666666666,0
treatments_no_antibiotics__gru_seed44,f1,0.37487199902534485,0.5824167657550535,0.572842953976317,0.9324712643678161,0.14655172413793102,0.669417225373904,0.5395114942528736,0.07902298850574718,0.5,0.6666666666666666,1
treatments_no_antibiotics__gru_seed44,youden,0.5926963686943054,0.5824167657550535,0.572842953976317,0.40660919540229884,0.6939655172413793,0.4748322147651007,0.5502873563218391,0.10057471264367823,0.5,0.6666666666666666,0
treatments_no_antibiotics__logreg_seed42,f1,0.27535419681660434,0.5983514169639319,0.5803381343748533,0.9770114942528736,0.028735632183908046,0.6627680311890838,0.5028735632183908,0.005747126436781658,0.5,0.6666666666666666,1
treatments_no_antibiotics__logreg_seed42,youden,0.5564252657446648,0.5983514169639319,0.5803381343748533,0.40804597701149425,0.7025862068965517,0.4785172704296546,0.555316091954023,0.11063218390804597,0.5,0.6666666666666666,0
treatments_no_antibiotics__logreg_seed43,f1,0.27535419681660434,0.5983514169639319,0.5803381343748533,0.9770114942528736,0.028735632183908046,0.6627680311890838,0.5028735632183908,0.005747126436781658,0.5,0.6666666666666666,1
treatments_no_antibiotics__logreg_seed43,youden,0.5564252657446648,0.5983514169639319,0.5803381343748533,0.40804597701149425,0.7025862068965517,0.4785172704296546,0.555316091954023,0.11063218390804597,0.5,0.6666666666666666,0
treatments_no_antibiotics__logreg_seed44,f1,0.27535419681660434,0.5983514169639319,0.5803381343748533,0.9770114942528736,0.028735632183908046,0.6627680311890838,0.5028735632183908,0.005747126436781658,0.5,0.6666666666666666,1
treatments_no_antibiotics__logreg_seed44,youden,0.5564252657446648,0.5983514169639319,0.5803381343748533,0.40804597701149425,0.7025862068965517,0.4785172704296546,0.555316091954023,0.11063218390804597,0.5,0.6666666666666666,0
treatments_no_antibiotics__tree_hgbt_seed42,f1,0.1530558240578889,0.6096020775531774,0.6232397692734453,0.9841954022988506,0.03735632183908046,0.6679668454412482,0.5107758620689655,0.02155172413793105,0.5,0.6666666666666666,1
treatments_no_antibiotics__tree_hgbt_seed42,youden,0.5409570836473083,0.6096020775531774,0.6232397692734453,0.5114942528735632,0.646551724137931,0.5485362095531587,0.5790229885057472,0.15804597701149437,0.5,0.6666666666666666,0
treatments_no_antibiotics__tree_hgbt_seed43,f1,0.1530558240578889,0.6096020775531774,0.6232397692734453,0.9841954022988506,0.03735632183908046,0.6679668454412482,0.5107758620689655,0.02155172413793105,0.5,0.6666666666666666,1
treatments_no_antibiotics__tree_hgbt_seed43,youden,0.5409570836473083,0.6096020775531774,0.6232397692734453,0.5114942528735632,0.646551724137931,0.5485362095531587,0.5790229885057472,0.15804597701149437,0.5,0.6666666666666666,0
treatments_no_antibiotics__tree_hgbt_seed44,f1,0.1530558240578889,0.6096020775531774,0.6232397692734453,0.9841954022988506,0.03735632183908046,0.6679668454412482,0.5107758620689655,0.02155172413793105,0.5,0.6666666666666666,1
treatments_no_antibiotics__tree_hgbt_seed44,youden,0.5409570836473083,0.6096020775531774,0.6232397692734453,0.5114942528735632,0.646551724137931,0.5485362095531587,0.5790229885057472,0.15804597701149437,0.5,0.6666666666666666,0
treatments_no_antibiotics__xgboost_seed42,f1,0.09885473549365997,0.6006614149821641,0.6127108566295695,0.9971264367816092,0.020114942528735632,0.6698841698841699,0.5086206896551724,0.01724137931034475,0.5,0.6666666666666666,1
treatments_no_antibiotics__xgboost_seed42,youden,0.552250325679779,0.6006614149821641,0.6127108566295695,0.5258620689655172,0.6436781609195402,0.5587786259541985,0.5847701149425287,0.16954022988505746,0.5,0.6666666666666666,0
treatments_no_antibiotics__xgboost_seed43,f1,0.09821654111146927,0.6186211850971066,0.6281577831492068,0.9899425287356322,0.02586206896551724,0.6679592825981581,0.5079022988505747,0.015804597701149392,0.5,0.6666666666666666,1
treatments_no_antibiotics__xgboost_seed43,youden,0.580503523349762,0.6186211850971066,0.6281577831492068,0.492816091954023,0.6882183908045977,0.5461783439490446,0.5905172413793103,0.18103448275862055,0.5,0.6666666666666666,0
treatments_no_antibiotics__xgboost_seed44,f1,0.18715690076351166,0.6096062062359624,0.6226643955477256,0.9396551724137931,0.08045977011494253,0.6572864321608041,0.5100574712643678,0.02011494252873569,0.5,0.6666666666666666,1
treatments_no_antibiotics__xgboost_seed44,youden,0.5365922451019287,0.6096062062359624,0.6226643955477256,0.5387931034482759,0.6264367816091954,0.5634861006761833,0.5826149425287357,0.16522988505747138,0.5,0.6666666666666666,0
vitals_only__gru_seed42,f1,0.1608918011188507,0.6419059238340599,0.6358922753305498,0.9655172413793104,0.08620689655172414,0.6706586826347305,0.5258620689655172,0.051724137931034475,0.5,0.6666666666666666,1
vitals_only__gru_seed42,youden,0.5369889736175537,0.6419059238340599,0.6358922753305498,0.5531609195402298,0.6666666666666666,0.5864432597105864,0.6099137931034482,0.21982758620689635,0.5,0.6666666666666666,0
vitals_only__gru_seed43,f1,0.1562444269657135,0.6475911200290659,0.6357834176673484,0.9525862068965517,0.08333333333333333,0.6639959939909865,0.5179597701149425,0.03591954022988508,0.5,0.6666666666666666,1
vitals_only__gru_seed43,youden,0.4717595875263214,0.6475911200290659,0.6357834176673484,0.6422413793103449,0.5862068965517241,0.6247379454926625,0.6142241379310345,0.22844827586206895,0.5,0.6666666666666666,0
vitals_only__gru_seed44,f1,0.21996697783470154,0.6308472469943189,0.6281890623583534,0.9683908045977011,0.08477011494252873,0.6716492277030394,0.5265804597701149,0.053160919540229834,0.5,0.6666666666666666,1
vitals_only__gru_seed44,youden,0.4364478588104248,0.6308472469943189,0.6281890623583534,0.6436781609195402,0.5431034482758621,0.612859097127223,0.5933908045977012,0.18678160919540243,0.5,0.6666666666666666,0
vitals_only__logreg_seed42,f1,0.11848608541013803,0.6093295844893645,0.5889234421497616,0.9985632183908046,0.0028735632183908046,0.6666666666666666,0.5007183908045977,0.001436781609195359,0.5,0.6666666666666666,1
vitals_only__logreg_seed42,youden,0.5069548141288616,0.6093295844893645,0.5889234421497616,0.5517241379310345,0.6020114942528736,0.5659543109801032,0.576867816091954,0.15373563218390807,0.5,0.6666666666666666,0
vitals_only__logreg_seed43,f1,0.11848608541013803,0.6093295844893645,0.5889234421497616,0.9985632183908046,0.0028735632183908046,0.6666666666666666,0.5007183908045977,0.001436781609195359,0.5,0.6666666666666666,1
vitals_only__logreg_seed43,youden,0.5069548141288616,0.6093295844893645,0.5889234421497616,0.5517241379310345,0.6020114942528736,0.5659543109801032,0.576867816091954,0.15373563218390807,0.5,0.6666666666666666,0
vitals_only__logreg_seed44,f1,0.11848608541013803,0.6093295844893645,0.5889234421497616,0.9985632183908046,0.0028735632183908046,0.6666666666666666,0.5007183908045977,0.001436781609195359,0.5,0.6666666666666666,1
vitals_only__logreg_seed44,youden,0.5069548141288616,0.6093295844893645,0.5889234421497616,0.5517241379310345,0.6020114942528736,0.5659543109801032,0.576867816091954,0.15373563218390807,0.5,0.6666666666666666,0
vitals_only__tree_hgbt_seed42,f1,0.13791911118986294,0.6601836025234509,0.6559092142199437,0.9885057471264368,0.031609195402298854,0.6686103012633625,0.5100574712643678,0.02011494252873569,0.5,0.6666666666666666,1
vitals_only__tree_hgbt_seed42,youden,0.36644568660132976,0.6601836025234509,0.6559092142199437,0.8031609195402298,0.39080459770114945,0.6658725431804645,0.5969827586206896,0.19396551724137923,0.5,0.6666666666666666,1
vitals_only__tree_hgbt_seed43,f1,0.13791911118986294,0.6601836025234509,0.6559092142199437,0.9885057471264368,0.031609195402298854,0.6686103012633625,0.5100574712643678,0.02011494252873569,0.5,0.6666666666666666,1
vitals_only__tree_hgbt_seed43,youden,0.36644568660132976,0.6601836025234509,0.6559092142199437,0.8031609195402298,0.39080459770114945,0.6658725431804645,0.5969827586206896,0.19396551724137923,0.5,0.6666666666666666,1
vitals_only__tree_hgbt_seed44,f1,0.13791911118986294,0.6601836025234509,0.6559092142199437,0.9885057471264368,0.031609195402298854,0.6686103012633625,0.5100574712643678,0.02011494252873569,0.5,0.6666666666666666,1
vitals_only__tree_hgbt_seed44,youden,0.36644568660132976,0.6601836025234509,0.6559092142199437,0.8031609195402298,0.39080459770114945,0.6658725431804645,0.5969827586206896,0.19396551724137923,0.5,0.6666666666666666,1
vitals_only__xgboost_seed42,f1,0.14426912367343903,0.6574886048355133,0.6543096534032421,0.9870689655172413,0.06609195402298851,0.675848499754058,0.5265804597701149,0.053160919540229834,0.5,0.6666666666666666,1
vitals_only__xgboost_seed42,youden,0.42163190245628357,0.6574886048355133,0.6543096534032421,0.7341954022988506,0.47988505747126436,0.651370299553856,0.6070402298850575,0.21408045977011492,0.5,0.6666666666666666,1
vitals_only__xgboost_seed43,f1,0.1716577708721161,0.6648066950720043,0.6644208035130822,0.9712643678160919,0.10344827586206896,0.6773547094188377,0.5373563218390804,0.07471264367816088,0.5,0.6666666666666666,1
vitals_only__xgboost_seed43,youden,0.49803638458251953,0.6648066950720043,0.6644208035130822,0.6436781609195402,0.5991379310344828,0.6296556570625439,0.6214080459770115,0.24281609195402298,0.5,0.6666666666666666,0
vitals_only__xgboost_seed44,f1,0.18909960985183716,0.6540762485136742,0.6550061725441416,0.9727011494252874,0.125,0.6831483350151363,0.5488505747126438,0.09770114942528751,0.5,0.6666666666666666,1
vitals_only__xgboost_seed44,youden,0.4844759404659271,0.6540762485136742,0.6550061725441416,0.6379310344827587,0.5689655172413793,0.6166666666666667,0.603448275862069,0.2068965517241379,0.5,0.6666666666666666,0
vitals_plus_labs__gru_seed42,f1,0.2557951509952545,0.6686257266481702,0.6554829928430217,0.9410919540229885,0.1781609195402299,0.6812272490899636,0.5596264367816092,0.11925287356321834,0.5,0.6666666666666666,1
vitals_plus_labs__gru_seed42,youden,0.3976016044616699,0.6686257266481702,0.6554829928430217,0.7528735632183908,0.47844827586206895,0.6620341124447252,0.6156609195402298,0.23132183908045967,0.5,0.6666666666666666,1
vitals_plus_labs__gru_seed43,f1,0.20761056244373322,0.6585249042145593,0.6416274993503713,0.9195402298850575,0.19827586206896552,0.675818373812038,0.5589080459770115,0.11781609195402298,0.5,0.6666666666666666,1
vitals_plus_labs__gru_seed43,youden,0.5109066367149353,0.6585249042145593,0.6416274993503713,0.610632183908046,0.6293103448275862,0.6163886874546773,0.6199712643678161,0.23994252873563227,0.5,0.6666666666666666,0
vitals_plus_labs__gru_seed44,f1,0.3093305230140686,0.6629405304531643,0.6613535573481774,0.9123563218390804,0.1910919540229885,0.6705385427666315,0.5517241379310345,0.10344827586206895,0.5,0.6666666666666666,1
vitals_plus_labs__gru_seed44,youden,0.5249480605125427,0.6629405304531643,0.6613535573481774,0.5488505747126436,0.6781609195402298,0.5867895545314901,0.6135057471264367,0.22701149425287337,0.5,0.6666666666666666,0
vitals_plus_labs__logreg_seed42,f1,0.2697401177532929,0.6119967135685032,0.5847014967639164,0.9612068965517241,0.09339080459770115,0.6703406813627254,0.5272988505747126,0.05459770114942519,0.5,0.6666666666666666,1
vitals_plus_labs__logreg_seed42,youden,0.5203372407036276,0.6119967135685032,0.5847014967639164,0.5416666666666666,0.6278735632183908,0.566066066066066,0.5847701149425287,0.16954022988505746,0.5,0.6666666666666666,0
vitals_plus_labs__logreg_seed43,f1,0.2697401177532929,0.6119967135685032,0.5847014967639164,0.9612068965517241,0.09339080459770115,0.6703406813627254,0.5272988505747126,0.05459770114942519,0.5,0.6666666666666666,1
vitals_plus_labs__logreg_seed43,youden,0.5203372407036276,0.6119967135685032,0.5847014967639164,0.5416666666666666,0.6278735632183908,0.566066066066066,0.5847701149425287,0.16954022988505746,0.5,0.6666666666666666,0
vitals_plus_labs__logreg_seed44,f1,0.2697401177532929,0.6119967135685032,0.5847014967639164,0.9612068965517241,0.09339080459770115,0.6703406813627254,0.5272988505747126,0.05459770114942519,0.5,0.6666666666666666,1
vitals_plus_labs__logreg_seed44,youden,0.5203372407036276,0.6119967135685032,0.5847014967639164,0.5416666666666666,0.6278735632183908,0.566066066066066,0.5847701149425287,0.16954022988505746,0.5,0.6666666666666666,0
vitals_plus_labs__tree_hgbt_seed42,f1,0.27558141427883903,0.6672890655965121,0.6702685137908031,0.8994252873563219,0.22557471264367815,0.6727565824825362,0.5625,0.125,0.5,0.6666666666666666,1
vitals_plus_labs__tree_hgbt_seed42,youden,0.4920691046265296,0.6672890655965121,0.6702685137908031,0.6063218390804598,0.6336206896551724,0.6147123088128187,0.6199712643678161,0.23994252873563227,0.5,0.6666666666666666,0
vitals_plus_labs__tree_hgbt_seed43,f1,0.27558141427883903,0.6672890655965121,0.6702685137908031,0.8994252873563219,0.22557471264367815,0.6727565824825362,0.5625,0.125,0.5,0.6666666666666666,1
vitals_plus_labs__tree_hgbt_seed43,youden,0.4920691046265296,0.6672890655965121,0.6702685137908031,0.6063218390804598,0.6336206896551724,0.6147123088128187,0.6199712643678161,0.23994252873563227,0.5,0.6666666666666666,0
vitals_plus_labs__tree_hgbt_seed44,f1,0.27558141427883903,0.6672890655965121,0.6702685137908031,0.8994252873563219,0.22557471264367815,0.6727565824825362,0.5625,0.125,0.5,0.6666666666666666,1
vitals_plus_labs__tree_hgbt_seed44,youden,0.4920691046265296,0.6672890655965121,0.6702685137908031,0.6063218390804598,0.6336206896551724,0.6147123088128187,0.6199712643678161,0.23994252873563227,0.5,0.6666666666666666,0
vitals_plus_labs__xgboost_seed42,f1,0.25133994221687317,0.6796286662703132,0.684042445540912,0.896551724137931,0.2557471264367816,0.6789989118607181,0.5761494252873564,0.1522988505747127,0.5,0.6666666666666666,1
vitals_plus_labs__xgboost_seed42,youden,0.5264298915863037,0.6796286662703132,0.684042445540912,0.5833333333333334,0.6609195402298851,0.6068759342301944,0.6221264367816093,0.24425287356321856,0.5,0.6666666666666666,0
vitals_plus_labs__xgboost_seed43,f1,0.25182271003723145,0.6765383472057075,0.6781175483686992,0.8994252873563219,0.23850574712643677,0.6760259179265659,0.5689655172413793,0.13793103448275867,0.5,0.6666666666666666,1
vitals_plus_labs__xgboost_seed43,youden,0.5382842421531677,0.6765383472057075,0.6781175483686992,0.5747126436781609,0.6910919540229885,0.6102212051868803,0.6329022988505747,0.2658045977011494,0.5,0.6666666666666666,0
vitals_plus_labs__xgboost_seed44,f1,0.25030818581581116,0.6722486457920465,0.6702957112503551,0.9080459770114943,0.2413793103448276,0.6810344827586207,0.5747126436781609,0.14942528735632177,0.5,0.6666666666666666,1
vitals_plus_labs__xgboost_seed44,youden,0.5494767427444458,0.6722486457920465,0.6702957112503551,0.5474137931034483,0.6954022988505747,0.591155934833204,0.6214080459770115,0.24281609195402298,0.5,0.6666666666666666,0
